,Cement,Blast Furnace Slag,Fly Ash,Water,Superplasticizer,Coarse Aggregate,Fine Aggregate,Age
426,0.07355635963520175,0.03951416661376669,0.0676696502253539,0.0729342559089274,0.004117734188196957,0.4262468524513849,0.31596098097716835,0.1464088397790055
240,0.08875640553304083,0.0,0.052240680577419034,0.06656730414978063,0.00328231235556151,0.45441604983755907,0.33473724754663897,0.06906077348066297
590,0.13800424628450106,0.0,0.0,0.0781316348195329,0.0,0.451380042462845,0.332484076433121,0.06906077348066297
600,0.10629251700680271,0.0,0.0,0.07738095238095238,0.0,0.467687074829932,0.3486394557823129,0.06906077348066297
448,0.18570875371105217,0.009993296163823434,0.03289459987258547,0.06745474910580819,0.004834257019249586,0.4026465579340526,0.29646778619342856,0.011049723756906077
12,0.1917900403768506,0.021310004486316734,0.0,0.10228802153432032,0.0,0.41812471960520414,0.26648721399730824,0.7375690607734806
511,0.10022588471513426,0.15033882707270138,0.0,0.07767924370450931,0.0,0.39387601438969294,0.277880030117962,0.011049723756906077
948,0.1336409504506447,0.061580921988874035,0.04795377118461339,0.07236189572642202,0.00953038078399241,0.3941092759498038,0.2808228039156497,0.06906077348066297
726,0.14230438521066208,0.0,0.0,0.0825451418744626,0.0,0.4204643164230438,0.3546861564918315,0.4889502762430939
781,0.13153310104529617,0.0,0.0,0.08841463414634146,0.0,0.42421602787456447,0.3558362369337979,0.06906077348066297
792,0.06310254163014899,0.0,0.07668711656441718,0.06923751095530237,0.007887817703768623,0.41323400525854515,0.3698510078878177,0.06906077348066297
811,0.12483688560243585,0.05263157894736842,0.04088734232274902,0.08177468464549804,0.0039147455415398,0.393214441061331,0.30274032187907784,0.06906077348066297
814,0.057717533887188456,0.0905115872321819,0.07039790118058592,0.07826847398338435,0.0021862702229995625,0.37909925666812416,0.3218189768255356,0.06906077348066297
711,0.22031823745410037,0.0,0.0,0.07058343533251733,0.0,0.4589963280293758,0.25010199918400655,0.06906077348066297
354,0.1965327485622078,0.0,0.024411436137200544,0.05875294799122843,0.0007861309942488311,0.4543009640448508,0.26521577227026355,0.06906077348066297
885,0.06610470275066549,0.06787932564330079,0.08606921029281278,0.08518189884649512,0.00354924578527063,0.41481810115350487,0.27639751552795033,0.06906077348066297
428,0.10643007969484368,0.0,0.04073717730399836,0.08167018595463524,0.002269089299094067,0.4039660104897486,0.36492745725768,0.1464088397790055
901,0.06690848702036535,0.06336858666200508,0.049383795122803956,0.07800891530460624,0.00349619788480028,0.437855082597675,0.3009789354077441,0.06906077348066297
39,0.10655002243158367,0.10655002243158367,0.0,0.10228802153432032,0.0,0.41812471960520414,0.26648721399730824,0.4889502762430939
752,0.13153310104529617,0.0,0.0,0.08841463414634146,0.0,0.42421602787456447,0.3558362369337979,0.4889502762430939
174,0.08011764705882353,0.0,0.0526890756302521,0.06812605042016806,0.003264705882352941,0.4579831932773109,0.3378193277310924,0.03038674033149171
588,0.09566326530612244,0.0,0.0,0.07695578231292517,0.0,0.4732142857142857,0.3541666666666667,0.06906077348066297
646,0.047890687184929684,0.07181392058017158,0.0,0.08998850269744406,0.0,0.414875740691607,0.3754311488458477,0.0
190,0.08004407175959023,0.0,0.05264220291512822,0.06806311345113837,0.004154856724728127,0.45758093139440015,0.33751482375501485,0.06906077348066297
507,0.14485818688011134,0.0,0.0,0.08352183748042456,0.0,0.40508091178005917,0.3665390638594049,0.24033149171270715
143,0.17414464249129277,0.04355664822782217,0.0,0.06289694734685515,0.006760909649661954,0.3491497643925425,0.36349108789182544,0.24309392265193366
931,0.06582807360654279,0.0,0.0809405280469375,0.08062938927904702,0.0066672593119388385,0.37287758911903274,0.393057160636501,0.06906077348066297
584,0.10341805433829973,0.0,0.0,0.0845749342681858,0.0,0.42418930762489043,0.387817703768624,0.011049723756906077
850,0.06529360210341806,0.051709027169149865,0.040315512708150744,0.08019281332164768,0.003067484662576687,0.41761612620508326,0.3418054338299737,0.06906077348066297
140,0.1401028277634961,0.07836470685794841,0.0,0.0725184509494983,0.0039389667468280945,0.39169914586615806,0.31337590181607095,0.1464088397790055
248,0.10696732298710196,0.0,0.05032830206343059,0.08019251309591185,0.0024468397468903856,0.4376226079481866,0.3224424141584786,0.0
491,0.12622843415592924,0.0,0.0,0.0838611050447696,0.0,0.3988643808691854,0.39104607993011575,0.0
203,0.08994835923788841,0.041266313977517115,0.010315526319112133,0.07647630711733437,0.002887168933052192,0.44856335989023705,0.33054296452485865,0.0
339,0.09141918824525357,0.022886702315470644,0.051852419056370204,0.06620552939324714,0.004088126566016224,0.4314866572227114,0.3320613772009308,0.03038674033149171
497,0.20686088605412858,0.0,0.0,0.08274435442165144,0.0,0.40346491984140664,0.3069298396828133,0.24033149171270715
538,0.122349171550234,0.08158016779796788,0.0,0.07829166490998778,0.0,0.4208440490745816,0.2969349466672288,0.011049723756906077
604,0.10915277898961696,0.07276851932641132,0.0,0.0887793386266469,0.0,0.4264898350929239,0.302809527964401,0.24033149171270715
358,0.22540625546042287,0.0,0.0,0.0707670802026909,0.003582037392975712,0.34990389655774945,0.35034073038616115,0.06906077348066297
94,0.19152237830774255,0.047860176412936946,0.0,0.056272459980398565,0.013149297615158446,0.34796635086573013,0.3432293368180333,0.011049723756906077
315,0.1251057774484585,0.0,0.049484900663924525,0.07359163379321088,0.004007965410248098,0.4306036787396801,0.31720604394447793,0.06906077348066297
57,0.08534960677295973,0.056899737848639824,0.0,0.08251321500709098,0.0,0.42047359147363444,0.354763848897675,0.0
951,0.16169863487126318,0.0,0.0,0.08216692586832555,0.002894418524278555,0.4377052013132884,0.3155348194228443,0.06906077348066297
217,0.09836697459881025,0.0,0.05060537146723885,0.08361278496571632,0.0026253463701267276,0.44031298582826894,0.32447653676983895,0.26795580110497236
524,0.10815272604131393,0.07208770741618695,0.0,0.07860650186251271,0.0,0.43455807653234,0.30659498814764646,0.06906077348066297
483,0.08764622166684022,0.004772814051164566,0.06117879829220035,0.08938179041271824,0.0007462945607275503,0.4087264396542747,0.34754764136207433,0.011049723756906077
197,0.07070668369518944,0.0,0.06950617283950618,0.0751213282247765,0.001911451681566624,0.45065985525755636,0.33209450830140486,0.26795580110497236
163,0.10034561534595654,0.0,0.040591455880503696,0.08492961729956519,0.0019600462994952463,0.4064467369113155,0.36572652826316376,0.0
649,0.09297430049995616,0.06196824839926323,0.0,0.08924655731953338,0.0,0.4268923778615911,0.3289185159196562,0.0
664,0.06716123085026997,0.044774153900179976,0.0,0.08428076028269171,0.0,0.3897985163074492,0.4139853386594092,0.24033149171270715
264,0.07688571464773385,0.019094721815117816,0.051514780353681046,0.07188924132163689,0.003459096918067129,0.44744411172165044,0.32971233322211285,0.03038674033149171
835,0.05818022747156605,0.09186351706036745,0.0,0.0857392825896763,0.0013123359580052493,0.41513560804899385,0.34776902887139105,0.06906077348066297
249,0.10696732298710196,0.0,0.05032830206343059,0.08019251309591185,0.0024468397468903856,0.4376226079481866,0.3224424141584786,0.03038674033149171
152,0.1493041258338137,0.07782261385160173,0.0,0.0678992011858684,0.004776414395124762,0.3889895412995141,0.3112081034340772,0.24309392265193366
408,0.07530752440737043,0.054906008358572615,0.050168355865382985,0.07611546335933402,0.0015101267322041928,0.42609262110624185,0.31589990017089387,0.06906077348066297
142,0.1295538187983294,0.1084232725468304,0.0,0.0725716412355787,0.0035562171773559936,0.4329074142993012,0.25298763594260426,0.24309392265193366
513,0.07684508470280088,0.1152465041612099,0.0,0.07845042457014911,0.0,0.4276963372903552,0.3017616492754847,0.06906077348066297
658,0.05803805201605864,0.08727526618956187,0.0,0.0837842555419794,0.0,0.40469540932099834,0.3662070169314016,0.0
703,0.11988054607508532,0.0,0.0,0.07892491467576791,0.0,0.4709897610921502,0.3302047781569966,0.06906077348066297
318,0.08968312577624116,0.0,0.07331912322513512,0.06494830653553087,0.004263032459467625,0.44203786378436444,0.3257485482192609,0.0
116,0.1493041258338137,0.07782261385160173,0.0,0.0678992011858684,0.004776414395124762,0.3889895412995141,0.3112081034340772,0.06906077348066297
834,0.13261648745519714,0.0,0.047939068100358424,0.09901433691756273,0.00492831541218638,0.36693548387096775,0.3485663082437276,0.06906077348066297
399,0.07080051213783631,0.03196621925265185,0.07080051213783631,0.06954136530520533,0.0033534853353909292,0.4270500351882785,0.3264878706428009,0.03038674033149171
547,0.14443876681996254,0.0,0.0,0.07907511497189576,0.0,0.45528870720490555,0.3211974110032363,0.06906077348066297
684,0.13972140143520473,0.0,0.0,0.08104685521317011,0.0,0.4326720135078092,0.34655972984381594,0.0
902,0.06209774068977762,0.05885747259088286,0.04585201296107239,0.08890763016556438,0.003284655333126193,0.40658706555994495,0.33441342269963154,0.06906077348066297
567,0.10341805433829973,0.0,0.0,0.0845749342681858,0.0,0.42418930762489043,0.387817703768624,0.4889502762430939
536,0.08158016779796788,0.122349171550234,0.0,0.07829166490998778,0.0,0.4208440490745816,0.2969349466672288,0.011049723756906077
167,0.10034561534595654,0.0,0.040591455880503696,0.08492961729956519,0.0019600462994952463,0.4064467369113155,0.36572652826316376,0.26795580110497236
714,0.22031823745410037,0.0,0.0,0.07058343533251733,0.0,0.4589963280293758,0.25010199918400655,0.7375690607734806
30,0.13755656108597286,0.034389140271493215,0.0,0.10316742081447963,0.0,0.42171945701357466,0.3031674208144796,1.0
625,0.082833599378748,0.124250399068122,0.0,0.082833599378748,0.0,0.40113896199145777,0.3089434401829242,0.06906077348066297
808,0.07120605251446373,0.08366711170449488,0.06497552291944815,0.09034267912772585,0.004895416110369382,0.3689363595905652,0.3159768580329328,0.06906077348066297
37,0.14917003140421714,0.0639300134589502,0.0,0.10228802153432032,0.0,0.41812471960520414,0.26648721399730824,0.24033149171270715
100,0.15554553651938682,0.06197229281088613,0.0,0.06307894089679482,0.006516927617017788,0.4649151569800803,0.24797114517583407,0.011049723756906077
442,0.08992843634035491,0.0,0.07339171310512149,0.06706091967095038,0.004911314134559898,0.4395752513573507,0.3251323653916625,0.26795580110497236
245,0.0978302165562075,0.0,0.051340284520241454,0.07343492760352906,0.0028367596774874406,0.44594537549073404,0.32861243615180036,0.06906077348066297
80,0.16371933827723903,0.03858691223209193,0.0,0.06006030478363622,0.004645098199005786,0.3857876293700595,0.3472007171379676,0.0
849,0.1204766107678729,0.0,0.03971756398940865,0.08781994704324801,0.0048543689320388345,0.41085613415710504,0.33627537511032657,0.06906077348066297
84,0.11679040548258136,0.08195316961736149,0.0,0.05902749449294279,0.00456881781838949,0.4098066411030431,0.3278534714856816,0.0
415,0.10643007969484368,0.0,0.04073717730399836,0.08167018595463524,0.002269089299094067,0.4039660104897486,0.36492745725768,0.06906077348066297
326,0.08963846518794688,0.0,0.07315506404846775,0.06491336347872818,0.00489547777092019,0.4418105710411077,0.32558705847282926,0.1464088397790055
626,0.06716123085026997,0.044774153900179976,0.0,0.08428076028269171,0.0,0.3897985163074492,0.4139853386594092,0.0
693,0.14505403158769742,0.0,0.0,0.0798004987531172,0.0,0.4389027431421446,0.33624272651704074,0.32320441988950277
242,0.08875640553304083,0.0,0.052240680577419034,0.06656730414978063,0.00328231235556151,0.45441604983755907,0.33473724754663897,0.26795580110497236
729,0.14230438521066208,0.0,0.0,0.0825451418744626,0.0,0.4204643164230438,0.3546861564918315,0.0
157,0.1401028277634961,0.07836470685794841,0.0,0.0725184509494983,0.0039389667468280945,0.39169914586615806,0.31337590181607095,0.24309392265193366
968,0.12497824952148946,0.052418653210370626,0.04084739864277014,0.08160779537149816,0.00400208804593701,0.3934226552984165,0.302723159909518,0.06906077348066297
633,0.08104177683765204,0.054027851225101356,0.0,0.08967918209060463,0.0,0.42270403666490397,0.35254715318173807,0.24033149171270715
778,0.14006089604175728,0.0,0.0,0.08829926054806438,0.0,0.4236624619399739,0.34797738147020446,0.03038674033149171
663,0.05404928801304942,0.08107393201957412,0.0,0.08971476436097517,0.0,0.4224308953842084,0.35273112022219283,0.0
807,0.06753246753246753,0.10519480519480519,0.0,0.07792207792207792,0.004761904761904762,0.44242424242424244,0.3021645021645022,0.06906077348066297
709,0.22031823745410037,0.0,0.0,0.07058343533251733,0.0,0.4589963280293758,0.25010199918400655,0.011049723756906077
598,0.1697072549851506,0.0,0.0,0.07933814170555792,0.0,0.43487484089944844,0.31607976240984303,0.011049723756906077
35,0.10655002243158367,0.10655002243158367,0.0,0.10228802153432032,0.0,0.41812471960520414,0.26648721399730824,0.7375690607734806
585,0.0851063829787234,0.0,0.0,0.07659574468085106,0.0,0.4787234042553192,0.3595744680851064,0.011049723756906077
800,0.06195462478184991,0.07286212914485166,0.056719022687609075,0.07591623036649214,0.004799301919720768,0.3852530541012216,0.3424956369982548,0.06906077348066297
293,0.10398533936122696,0.0,0.04122261044528769,0.06600209556966519,0.0053432852020221,0.4123346399335429,0.3711120294882552,0.0
413,0.07355635963520175,0.03951416661376669,0.0676696502253539,0.0729342559089274,0.004117734188196957,0.4262468524513849,0.31596098097716835,0.06906077348066297
260,0.07689046775246511,0.0,0.07079874859046861,0.07189246017278948,0.0032048292877309304,0.4474891264720595,0.32972436772448643,0.06906077348066297
740,0.12660393498716851,0.0,0.0,0.08212147134302823,0.0,0.46407185628742514,0.3272027373823781,0.06906077348066297
614,0.08708525646608029,0.05791169554994339,0.0,0.08360184620743706,0.0,0.4203605329617695,0.35104066881476964,0.0
569,0.12085514834205933,0.0,0.0,0.08333333333333333,0.0,0.4223385689354276,0.37347294938917974,0.03038674033149171
99,0.13469540612516645,0.117676431424767,0.0,0.07648135818908124,0.004285952063914781,0.3922686418109188,0.27459221038615184,0.011049723756906077
78,0.21711413509868818,0.0,0.0,0.057946140329369455,0.011523844550692655,0.34820808303706424,0.3652077969841853,0.0
132,0.13098857753307586,0.08731202235187771,0.0,0.06397403237735227,0.0058755855041498885,0.3501109376284,0.36173884460514416,0.1464088397790055
87,0.1401028277634961,0.07836470685794841,0.0,0.0725184509494983,0.0039389667468280945,0.39169914586615806,0.31337590181607095,0.0
292,0.10422599337748345,0.0,0.0413658940397351,0.060488410596026485,0.005111754966887417,0.4163907284768212,0.3724172185430464,0.26795580110497236
335,0.09026422024420105,0.022600178683696768,0.05119784255980941,0.05821696833327819,0.004926210251149863,0.4449306773435691,0.3278639025842957,0.06906077348066297
237,0.08893137595334417,0.0,0.04199943939387601,0.06666610884962787,0.0043384220192697895,0.41995255766085,0.3781120961230321,0.26795580110497236
621,0.05803805201605864,0.08727526618956187,0.0,0.0837842555419794,0.0,0.40469540932099834,0.3662070169314016,0.06906077348066297
108,0.17410897173289636,0.04354772634166325,0.0,0.06202376075378943,0.007619827939369112,0.3834494059811553,0.3292503072511266,0.06906077348066297
495,0.20686088605412858,0.0,0.0,0.08274435442165144,0.0,0.40346491984140664,0.3069298396828133,0.06906077348066297
619,0.062052610776865316,0.09310087391858066,0.0,0.08936805586052435,0.0,0.42677089280224845,0.32870756664178125,0.011049723756906077
175,0.08011764705882353,0.0,0.0526890756302521,0.06812605042016806,0.003264705882352941,0.4579831932773109,0.3378193277310924,0.06906077348066297
810,0.1408325952170062,0.0,0.05580159433126661,0.09300265721877768,0.002657218777679362,0.38131089459698847,0.32639503985828167,0.06906077348066297
484,0.08764622166684022,0.004772814051164566,0.06117879829220035,0.08938179041271824,0.0007462945607275503,0.4087264396542747,0.34754764136207433,0.1464088397790055
577,0.11125711782742007,0.0,0.0,0.08672798948751642,0.0,0.4240035041611914,0.3780113885238721,0.4889502762430939
824,0.07192374350086655,0.11265164644714037,0.0,0.0792894280762565,0.005632582322357019,0.3721837088388215,0.35831889081455803,0.06906077348066297
161,0.09461402956369298,0.0,0.041133019598498834,0.08054276693700056,0.0018977269826140975,0.4114918857279017,0.37032057119029177,0.1464088397790055
387,0.07355635963520175,0.03951416661376669,0.0676696502253539,0.0729342559089274,0.004117734188196957,0.4262468524513849,0.31596098097716835,0.0
939,0.13474382729348905,0.0,0.0,0.07674408583617012,0.0034472357478347055,0.43077519713879436,0.35428965398371187,0.06906077348066297
884,0.06962305986696231,0.09490022172949002,0.06740576496674058,0.08869179600886919,0.003991130820399113,0.3631929046563193,0.3121951219512195,0.06906077348066297
254,0.10694001880394967,0.0,0.05031545540017952,0.08017204337671287,0.002701472408819988,0.43751090161109857,0.32236010839923934,0.03038674033149171
482,0.08764622166684022,0.004772814051164566,0.06117879829220035,0.08938179041271824,0.0007462945607275503,0.4087264396542747,0.34754764136207433,0.0
751,0.13153310104529617,0.0,0.0,0.08841463414634146,0.0,0.42421602787456447,0.3558362369337979,0.03038674033149171
566,0.10337275514673674,0.0,0.0,0.08497590889180902,0.0,0.4240035041611914,0.3876478318002628,0.24033149171270715
7,0.17048003589053387,0.04262000897263347,0.0,0.10228802153432032,0.0,0.41812471960520414,0.26648721399730824,0.06906077348066297
141,0.15415052345231228,0.07798202951116973,0.0,0.07010963646855164,0.004162888467562444,0.38170802077322563,0.31188690132717833,0.24309392265193366
858,0.06354810238305383,0.07502206531332745,0.058693733451015,0.08473080317740513,0.00353045013239188,0.3592233009708738,0.3552515445719329,0.06906077348066297
452,0.15764196942479014,0.008146871804898715,0.038290297483023955,0.06395294366845491,0.005674296212111954,0.3820882876497497,0.3442053337569707,0.06906077348066297
183,0.0984304712010512,0.0,0.0506383834752201,0.08366397445610069,0.001981706664612197,0.44059802171745055,0.3246874424855652,0.0
697,0.12644169158479282,0.0,0.0,0.07945322511747116,0.0,0.46561298590346006,0.32849209739427593,0.06906077348066297
102,0.18246809925599566,0.07356914252462696,0.0,0.07730994638181138,0.004613658090527453,0.36780414813583273,0.29423500561120575,0.011049723756906077
322,0.08968312577624116,0.0,0.07331912322513512,0.06494830653553087,0.004263032459467625,0.44203786378436444,0.3257485482192609,0.26795580110497236
682,0.13225255972696245,0.0,0.0,0.08191126279863481,0.0,0.431740614334471,0.35409556313993173,0.24033149171270715
56,0.21310004486316733,0.0,0.0,0.10228802153432032,0.0,0.41812471960520414,0.26648721399730824,1.0
573,0.12085514834205933,0.0,0.0,0.08333333333333333,0.0,0.4223385689354276,0.37347294938917974,0.4889502762430939
33,0.21310004486316733,0.0,0.0,0.10228802153432032,0.0,0.41812471960520414,0.26648721399730824,0.7375690607734806
126,0.17410897173289636,0.04354772634166325,0.0,0.06202376075378943,0.007619827939369112,0.3834494059811553,0.3292503072511266,0.1464088397790055
920,0.06475006475006476,0.10221876888543556,0.0,0.07502374169040836,0.005136838470171804,0.4615816282482949,0.2912889579556246,0.06906077348066297
60,0.13755656108597286,0.034389140271493215,0.0,0.10316742081447963,0.0,0.42171945701357466,0.3031674208144796,0.7375690607734806
723,0.1673913043478261,0.0,0.0,0.0808695652173913,0.0,0.42,0.3317391304347826,0.011049723756906077
673,0.062052610776865316,0.09310087391858066,0.0,0.08936805586052435,0.0,0.42677089280224845,0.32870756664178125,0.24033149171270715
184,0.0984304712010512,0.0,0.0506383834752201,0.08366397445610069,0.001981706664612197,0.44059802171745055,0.3246874424855652,0.03038674033149171
309,0.11476073261295842,0.0,0.05062789436355293,0.0665359422587509,0.004130335016062415,0.4395677750427636,0.32437732070591185,0.03038674033149171
722,0.1673913043478261,0.0,0.0,0.0808695652173913,0.0,0.42,0.3317391304347826,0.0
833,0.06403508771929825,0.10087719298245613,0.0,0.08859649122807017,0.0013157894736842105,0.36271929824561405,0.3824561403508772,0.06906077348066297
678,0.08825953072819535,0.13241098148067834,0.0,0.08825953072819535,0.0,0.41783406340807566,0.2732358936548554,0.24033149171270715
262,0.07689046775246511,0.0,0.07079874859046861,0.07189246017278948,0.0032048292877309304,0.4474891264720595,0.32972436772448643,0.26795580110497236
809,0.1300742034046268,0.0,0.046704495853339155,0.0811872544740288,0.0026189436927106066,0.38367525098210387,0.35573985159319077,0.06906077348066297
950,0.13308784850078909,0.0613273715588287,0.0,0.09359109240750484,0.0027178677888830445,0.39255654918463967,0.3167192705593547,0.06906077348066297
637,0.09297430049995616,0.06196824839926323,0.0,0.08924655731953338,0.0,0.4268923778615911,0.3289185159196562,0.06906077348066297
769,0.1335055986218777,0.0,0.0,0.082687338501292,0.0,0.4177433247200689,0.3660637381567614,0.24033149171270715
20,0.1917900403768506,0.021310004486316734,0.0,0.10228802153432032,0.0,0.41812471960520414,0.26648721399730824,0.4889502762430939
220,0.10248671827238522,0.0,0.040516803430431306,0.0803619862748306,0.003013682116810319,0.4089609685113272,0.3646598413942155,0.06906077348066297
922,0.14267829390433434,0.0732170609566569,0.0,0.08413918148851668,0.0034968053876705237,0.3501122431359006,0.3463564151269211,0.06906077348066297
617,0.047890687184929684,0.07181392058017158,0.0,0.08998850269744406,0.0,0.414875740691607,0.3754311488458477,0.24033149171270715
991,0.1493041258338137,0.07782261385160173,0.0,0.0678992011858684,0.004776414395124762,0.3889895412995141,0.3112081034340772,0.011049723756906077
302,0.10564639380299383,0.0,0.04134826755992882,0.06123730765204648,0.005933214696953837,0.41359154192400294,0.3722432743640741,0.26795580110497236
159,0.09461402956369298,0.0,0.041133019598498834,0.08054276693700056,0.0018977269826140975,0.4114918857279017,0.37032057119029177,0.03038674033149171
47,0.17048003589053387,0.04262000897263347,0.0,0.10228802153432032,0.0,0.41812471960520414,0.26648721399730824,0.4889502762430939
398,0.07328361612459143,0.021135444203271875,0.07327939325861677,0.06958016266479736,0.0027321942856177632,0.424904774372271,0.33508441509083386,0.03038674033149171
688,0.13972140143520473,0.0,0.0,0.08104685521317011,0.0,0.4326720135078092,0.34655972984381594,0.32320441988950277
278,0.11561188125422513,0.0,0.040640466036271375,0.06701775177559485,0.004936612724192323,0.4064046603627137,0.36538862784700255,0.0
166,0.10034561534595654,0.0,0.040591455880503696,0.08492961729956519,0.0019600462994952463,0.4064467369113155,0.36572652826316376,0.1464088397790055
910,0.07217716212521645,0.0,0.08880889455937302,0.10010935933655336,0.005012302925362253,0.40904948509979044,0.3248427959537046,0.06906077348066297
728,0.14578111946532998,0.0,0.0,0.08020050125313283,0.0,0.43734335839599,0.3366750208855472,0.0
559,0.14835886214442012,0.0,0.0,0.0862144420131291,0.0,0.4236323851203501,0.34179431072210065,0.06906077348066297
169,0.08177770310005882,0.0,0.04222464924808872,0.06957069646307654,0.0031420650256237925,0.42275056708392844,0.38053431907922375,0.03038674033149171
761,0.1721419185282523,0.0,0.0,0.08409986859395532,0.0,0.4117389399912396,0.3320192728865528,0.0
770,0.1335055986218777,0.0,0.0,0.082687338501292,0.0,0.4177433247200689,0.3660637381567614,0.4889502762430939
748,0.14578111946532998,0.0,0.0,0.08020050125313283,0.0,0.43734335839599,0.3366750208855472,0.24033149171270715
378,0.11740346233483467,0.07684590261916452,0.05123060174610968,0.06916131235724807,0.00441863940060196,0.35434499541059195,0.3265950861314492,0.06906077348066297
351,0.15956137596224845,0.0,0.0,0.0910688065997301,0.0,0.42585064036733067,0.3235191770706908,0.1464088397790055
147,0.19152237830774255,0.047860176412936946,0.0,0.056272459980398565,0.013149297615158446,0.34796635086573013,0.3432293368180333,0.24309392265193366
580,0.13464912280701755,0.0,0.0,0.08464912280701754,0.0,0.4245614035087719,0.356140350877193,1.0
475,0.18221511697866707,0.009454557956440273,0.05672734773864164,0.072198442576453,0.003833393498702147,0.35325666546335927,0.3223144757877366,0.06906077348066297
115,0.16371933827723903,0.03858691223209193,0.0,0.06006030478363622,0.004645098199005786,0.3857876293700595,0.3472007171379676,0.06906077348066297
685,0.13972140143520473,0.0,0.0,0.08104685521317011,0.0,0.4326720135078092,0.34655972984381594,0.011049723756906077
24,0.17194570135746606,0.0,0.0,0.10316742081447963,0.0,0.42171945701357466,0.3031674208144796,1.0
555,0.1152465041612099,0.07684508470280088,0.0,0.07845042457014911,0.0,0.4276963372903552,0.3017616492754847,0.06906077348066297
829,0.11477572559366754,0.04397537379067722,0.03430079155672823,0.08839050131926121,0.00395778364116095,0.37994722955145116,0.33465259454705365,0.06906077348066297
65,0.15475113122171946,0.017194570135746608,0.0,0.10316742081447963,0.0,0.42171945701357466,0.3031674208144796,0.7375690607734806
957,0.061951538965291424,0.07273521065269592,0.05662519100633049,0.07574765335079676,0.004758786291202795,0.3853307138179437,0.3428509059157389,0.06906077348066297
76,0.19152237830774255,0.047860176412936946,0.0,0.056272459980398565,0.013149297615158446,0.34796635086573013,0.3432293368180333,0.0
946,0.06509375277703723,0.05091975473207145,0.03967830800675375,0.08970941082378033,0.003910068426197459,0.3821203234692971,0.36856838176486273,0.06906077348066297
276,0.12147519036063929,0.0,0.040239310517948296,0.07032047527403566,0.003936909045268179,0.40213371266002845,0.3618944021420802,0.1464088397790055
383,0.07085037383256704,0.054995300632509465,0.05445339158855556,0.07428387566574374,0.003298024572188212,0.426033649164698,0.316085384543738,0.0
272,0.07091448103264383,0.01772862025816096,0.052173876529523905,0.06648442552047903,0.004547630445189086,0.4538392414737178,0.33431172474028537,0.26795580110497236
790,0.06625980819529206,0.07759372275501308,0.06059285091543156,0.07323452484742807,0.007846556233653008,0.4115082824760244,0.3029642545771578,0.06906077348066297
311,0.11476073261295842,0.0,0.05062789436355293,0.0665359422587509,0.004130335016062415,0.4395677750427636,0.32437732070591185,0.1464088397790055
467,0.20164850734928727,0.010677925032752483,0.05051479919340597,0.08624477911069313,0.0016140094376429714,0.3622280722649111,0.28707190761130713,0.0
28,0.1917900403768506,0.021310004486316734,0.0,0.10228802153432032,0.0,0.41812471960520414,0.26648721399730824,0.06906077348066297
202,0.071769210389122,0.017981830146914284,0.07000863196219029,0.052026801815276004,0.002444298204380934,0.4524088302409257,0.33336039724119065,0.26795580110497236
164,0.10034561534595654,0.0,0.040591455880503696,0.08492961729956519,0.0019600462994952463,0.4064467369113155,0.36572652826316376,0.03038674033149171
69,0.19012152097216778,0.0,0.0,0.057232457859662876,0.0,0.4390435123480988,0.31360250882007057,0.06906077348066297
915,0.11209833944360577,0.043390122924304504,0.03381496657321544,0.07358205736467544,0.004485658831140824,0.4035799007979297,0.3290489540651283,0.06906077348066297
622,0.10915277898961696,0.07276851932641132,0.0,0.0887793386266469,0.0,0.4264898350929239,0.302809527964401,0.011049723756906077
97,0.13098857753307586,0.08731202235187771,0.0,0.06397403237735227,0.0058755855041498885,0.3501109376284,0.36173884460514416,0.011049723756906077
581,0.13464912280701755,0.0,0.0,0.08464912280701754,0.0,0.4245614035087719,0.356140350877193,0.0
130,0.1596876926237929,0.03990137661803986,0.0,0.06488596671460858,0.0049722621738237105,0.3501540990343127,0.38039860283542226,0.1464088397790055
734,0.14443971026842778,0.0,0.0,0.07882403067746059,0.0,0.45547507456327224,0.32126118449083935,0.011049723756906077
994,0.18570643393680986,0.009993171332922504,0.03289418897086991,0.06745390649722689,0.004846688096467415,0.4026415282890025,0.29646408287670095,0.06906077348066297
419,0.06935978813737441,8.407247046954475e-06,0.06035142292656269,0.06885955693808063,0.0,0.422716381520871,0.3787044432300643,0.1464088397790055
367,0.14434504516184796,0.007606205972600372,0.06828298543584424,0.08168028004667444,0.0066122131466355505,0.4179091576991227,0.2735641125372747,0.06906077348066297
96,0.21711413509868818,0.0,0.0,0.057946140329369455,0.011523844550692655,0.34820808303706424,0.3652077969841853,0.011049723756906077
894,0.1360163236954068,0.0,0.049057914387427286,0.07749413909872364,0.0034731266822957373,0.43496570287401237,0.2989927932621343,0.06906077348066297
273,0.12147519036063929,0.0,0.040239310517948296,0.07032047527403566,0.003936909045268179,0.40213371266002845,0.3618944021420802,0.0
830,0.1076783280327124,0.04179918218991367,0.03225806451612903,0.11222171740118128,0.0027260336210813267,0.38755111313039525,0.315765561108587,0.06906077348066297
224,0.10608188673000463,0.0,0.04060390296477657,0.07952746884374987,0.0023465313344677025,0.4060220565458889,0.3654181535811123,0.03038674033149171
562,0.14835886214442012,0.0,0.0,0.0862144420131291,0.0,0.4236323851203501,0.34179431072210065,1.0
303,0.1022116949426268,0.0,0.0517953198696421,0.059340176985287124,0.004965029463039725,0.4500412027048851,0.3316465760345192,0.0
492,0.17004153686396678,0.0,0.0,0.08307372793354102,0.0,0.40697473174108695,0.3399100034614054,0.0
650,0.09297430049995616,0.06196824839926323,0.0,0.08924655731953338,0.0,0.4268923778615911,0.3289185159196562,0.24033149171270715
151,0.16371933827723903,0.03858691223209193,0.0,0.06006030478363622,0.004645098199005786,0.3857876293700595,0.3472007171379676,0.24309392265193366
572,0.12085514834205933,0.0,0.0,0.08333333333333333,0.0,0.4223385689354276,0.37347294938917974,0.24033149171270715
463,0.14389189057731047,0.007701256115405349,0.03931693911549047,0.05877274403861977,0.005321973305014329,0.3919534033472091,0.3530417935009505,0.06906077348066297
848,0.06649053280493175,0.0,0.08146191105239982,0.07353588727432848,0.007045354469396741,0.47291941875825627,0.2985468956406869,0.06906077348066297
742,0.1486304445442299,0.0,0.0,0.0862146385271666,0.0,0.39470139200718457,0.370453524921419,0.0
402,0.10643007969484368,0.0,0.04073717730399836,0.08167018595463524,0.002269089299094067,0.4039660104897486,0.36492745725768,0.03038674033149171
110,0.19649209894928435,0.049143708116157855,0.0,0.07491519814676925,0.0036816414329444856,0.35248614213617935,0.32328121121866465,0.06906077348066297
429,0.08992843634035491,0.0,0.07339171310512149,0.06706091967095038,0.004911314134559898,0.4395752513573507,0.3251323653916625,0.1464088397790055
21,0.058290534051526156,0.08743580107728924,0.0,0.080170362019291,0.0,0.43717900538644616,0.3369242974654474,0.06906077348066297
170,0.08177770310005882,0.0,0.04222464924808872,0.06957069646307654,0.0031420650256237925,0.42275056708392844,0.38053431907922375,0.06906077348066297
887,0.07054125998225377,0.09272404614019521,0.07142857142857142,0.08917480035492457,0.003105590062111801,0.3762200532386868,0.2968056787932564,0.06906077348066297
909,0.11453185813617878,0.048322910744741335,0.03765251235404732,0.08545064940744306,0.0021865570472733636,0.391481173743823,0.3203743385664932,0.06906077348066297
823,0.06875805758487323,0.10743446497636441,0.0,0.07219596046411689,0.005156854318865492,0.4507950150408251,0.2956596476149549,0.06906077348066297
72,0.17414464249129277,0.04355664822782217,0.0,0.06289694734685515,0.006760909649661954,0.3491497643925425,0.36349108789182544,0.0
944,0.07113687261230404,0.08347604619505554,0.0650331532955693,0.07851402977209854,0.008255390155008124,0.36802353664427173,0.32556097132569267,0.06906077348066297
215,0.09836697459881025,0.0,0.05060537146723885,0.08361278496571632,0.0026253463701267276,0.44031298582826894,0.32447653676983895,0.06906077348066297
730,0.1622769753610875,0.0,0.0,0.0790144435004248,0.0,0.4447748513169074,0.3139337298215803,0.011049723756906077
916,0.1339067916292207,0.06868660932083709,0.0,0.07600462190268327,0.004108357940685582,0.3922625925450422,0.3250310266615312,0.06906077348066297
634,0.07287980076025692,0.10931970114038538,0.0,0.08891510464455805,0.0,0.42626818718049553,0.3026172062743042,0.011049723756906077
105,0.15415052345231228,0.07798202951116973,0.0,0.07010963646855164,0.004162888467562444,0.38170802077322563,0.31188690132717833,0.06906077348066297
10,0.08534960677295973,0.056899737848639824,0.0,0.08251321500709098,0.0,0.42047359147363444,0.354763848897675,0.24033149171270715
802,0.1381239242685026,0.07056798623063683,0.0,0.08175559380378658,0.0021514629948364886,0.3743545611015491,0.33304647160068845,0.06906077348066297
525,0.08621420098288426,0.05749025588883241,0.0,0.07867310625317743,0.0,0.45593967124216245,0.3216827656329436,0.011049723756906077
961,0.12055148642826369,0.05553640672124085,0.04325721671693236,0.07427832830676433,0.004093063334769496,0.35549332184403276,0.34679017664799655,0.06906077348066297
91,0.17410897173289636,0.04354772634166325,0.0,0.06202376075378943,0.007619827939369112,0.3834494059811553,0.3292503072511266,0.011049723756906077
853,0.13387510692899915,0.0688622754491018,0.0,0.07613344739093242,0.00427715996578272,0.39221556886227543,0.3246364414029085,0.06906077348066297
228,0.08883464099552316,0.0,0.04195526499492123,0.06659672032470708,0.003640832500804662,0.4212664746625646,0.37770606652147926,0.0
449,0.18570875371105217,0.009993296163823434,0.03289459987258547,0.06745474910580819,0.004834257019249586,0.4026465579340526,0.29646778619342856,0.1464088397790055
974,0.13557418128402315,0.0,0.04864771450790633,0.07340361185518017,0.004363604942538668,0.3997666983496068,0.3382441890607448,0.06906077348066297
259,0.07689046775246511,0.0,0.07079874859046861,0.07189246017278948,0.0032048292877309304,0.4474891264720595,0.32972436772448643,0.03038674033149171
114,0.13098857753307586,0.08731202235187771,0.0,0.06397403237735227,0.0058755855041498885,0.3501109376284,0.36173884460514416,0.06906077348066297
705,0.20508613617719443,0.0,0.0,0.08203445447087777,0.0,0.46144380639868743,0.25143560295324036,0.0
570,0.12085514834205933,0.0,0.0,0.08333333333333333,0.0,0.4223385689354276,0.37347294938917974,0.06906077348066297
862,0.05981391227292867,0.0,0.07354895879486044,0.07975188303057155,0.004430660168365086,0.4257864421798848,0.35666814355338944,0.06906077348066297
341,0.09141918824525357,0.022886702315470644,0.051852419056370204,0.06620552939324714,0.004088126566016224,0.4314866572227114,0.3320613772009308,0.1464088397790055
508,0.17004153686396678,0.0,0.0,0.08307372793354102,0.0,0.40697473174108695,0.3399100034614054,0.011049723756906077
613,0.07287980076025692,0.10931970114038538,0.0,0.08891510464455805,0.0,0.42626818718049553,0.3026172062743042,0.06906077348066297
317,0.1251057774484585,0.0,0.049484900663924525,0.07359163379321088,0.004007965410248098,0.4306036787396801,0.31720604394447793,0.26795580110497236
593,0.1274426508071368,0.0,0.0,0.07816482582837724,0.0,0.4566694987255735,0.3377230246389125,0.011049723756906077
29,0.21310004486316733,0.0,0.0,0.10228802153432032,0.0,0.41812471960520414,0.26648721399730824,0.011049723756906077
389,0.10643007969484368,0.0,0.04073717730399836,0.08167018595463524,0.002269089299094067,0.4039660104897486,0.36492745725768,0.0
805,0.11038107752956636,0.04248795444590451,0.033289531318440646,0.08497590889180902,0.003504161191414805,0.3657468243539203,0.35961454226894435,0.06906077348066297
576,0.11125711782742007,0.0,0.0,0.08672798948751642,0.0,0.4240035041611914,0.3780113885238721,0.24033149171270715
699,0.20609703735508803,0.0,0.0,0.08243881494203521,0.0,0.4018892228424216,0.3095749248604551,0.06906077348066297
641,0.05803805201605864,0.08727526618956187,0.0,0.0837842555419794,0.0,0.40469540932099834,0.3662070169314016,0.24033149171270715
199,0.071769210389122,0.017981830146914284,0.07000863196219029,0.052026801815276004,0.002444298204380934,0.4524088302409257,0.33336039724119065,0.03038674033149171
813,0.15607189829022358,0.0,0.06225339763261727,0.08461201227531784,0.004822446295484437,0.35116177115300307,0.3410784743533538,0.06906077348066297
976,0.06355777979981801,0.0745677888989991,0.058098271155595994,0.10768880800727934,0.0026387625113739764,0.39517743403093725,0.2982711555959964,0.06906077348066297
739,0.12660393498716851,0.0,0.0,0.08212147134302823,0.0,0.46407185628742514,0.3272027373823781,0.011049723756906077
609,0.08104177683765204,0.054027851225101356,0.0,0.08967918209060463,0.0,0.42270403666490397,0.35254715318173807,0.0
396,0.07085037383256704,0.054995300632509465,0.05445339158855556,0.07428387566574374,0.003298024572188212,0.426033649164698,0.316085384543738,0.03038674033149171
257,0.10694001880394967,0.0,0.05031545540017952,0.08017204337671287,0.002701472408819988,0.43751090161109857,0.32236010839923934,0.26795580110497236
133,0.16371933827723903,0.03858691223209193,0.0,0.06006030478363622,0.004645098199005786,0.3857876293700595,0.3472007171379676,0.1464088397790055
854,0.12121212121212122,0.05121638924455826,0.0,0.07170294494238157,0.002987622705932565,0.4139991463935126,0.3388817755014938,0.06906077348066297
282,0.11561188125422513,0.0,0.040640466036271375,0.06701775177559485,0.004936612724192323,0.4064046603627137,0.36538862784700255,0.26795580110497236
231,0.08883464099552316,0.0,0.04195526499492123,0.06659672032470708,0.003640832500804662,0.4212664746625646,0.37770606652147926,0.1464088397790055
236,0.08893137595334417,0.0,0.04199943939387601,0.06666610884962787,0.0043384220192697895,0.41995255766085,0.3781120961230321,0.1464088397790055
457,0.1576169297688285,0.00814557776583093,0.03828421549940537,0.0639427854617728,0.0058322336803349455,0.3820275972174706,0.3441506606063568,0.011049723756906077
109,0.15222244773695962,0.03807590826060483,0.0,0.05139029835599756,0.00949868073878628,0.3458899939111021,0.40292267099654966,0.06906077348066297
462,0.15779108786150264,0.008154578184056984,0.03832651746506782,0.06401343874484733,0.004733732635845079,0.3824497168322725,0.3445309282764076,0.1464088397790055
372,0.06952289910489268,0.055618319283914135,0.05301121056748066,0.07908229773181541,0.002780915964195707,0.35804293039019724,0.3819414269575041,0.06906077348066297
603,0.08825953072819535,0.13241098148067834,0.0,0.08825953072819535,0.0,0.41783406340807566,0.2732358936548554,0.011049723756906077
843,0.06460061108686163,0.0,0.05979921431689219,0.06896551724137931,0.006983849847228284,0.43736359668267133,0.3622872108249673,0.06906077348066297
720,0.1520417028670721,0.0,0.0,0.08818418766290183,0.0,0.42311033883579496,0.3366637706342311,0.4889502762430939
642,0.082833599378748,0.124250399068122,0.0,0.082833599378748,0.0,0.40113896199145777,0.3089434401829242,0.24033149171270715
407,0.06988149792049604,0.05442286353202267,0.05594755075937895,0.07414215167249719,0.0034220757769552,0.425980670354151,0.31620318998449903,0.06906077348066297
911,0.06636427690681697,0.0,0.08160119781574775,0.07341025189360577,0.006869825612119076,0.47318125770653513,0.29857319006517524,0.06906077348066297
501,0.11175387851696028,0.0,0.0,0.08414409676571127,0.0,0.38995529844859317,0.41414672626873517,0.011049723756906077
238,0.08875640553304083,0.0,0.052240680577419034,0.06656730414978063,0.00328231235556151,0.45441604983755907,0.33473724754663897,0.0
831,0.13590968302214504,0.0,0.049066435084672164,0.07729049066435084,0.0034737299174989146,0.435084672166739,0.299174989144594,0.06906077348066297
296,0.10398533936122696,0.0,0.04122261044528769,0.06600209556966519,0.0053432852020221,0.4123346399335429,0.3711120294882552,0.1464088397790055
872,0.06846289752650177,0.0812720848056537,0.06316254416961131,0.08568904593639576,0.003975265017667844,0.38869257950530034,0.30874558303886923,0.06906077348066297
877,0.05931094635848234,0.07064980375054514,0.054949847361535104,0.07501090274749236,0.00436109899694723,0.4025294374182294,0.3331879633667684,0.06906077348066297
539,0.07684508470280088,0.1152465041612099,0.0,0.07845042457014911,0.0,0.4276963372903552,0.3017616492754847,0.011049723756906077
719,0.1520417028670721,0.0,0.0,0.08818418766290183,0.0,0.42311033883579496,0.3366637706342311,0.24033149171270715
531,0.13288212544139902,0.08857407096014797,0.0,0.07806457037161593,0.0,0.41071128299983184,0.2897679502270052,0.06906077348066297
466,0.20752938590744444,0.010989336117298484,0.05198801317029667,0.08495602152219213,0.0016610804208070401,0.347432088016129,0.2954440748458323,0.06906077348066297
620,0.06821341675356273,0.10253736531108792,0.0,0.08342022940563085,0.0,0.4064129301355578,0.33941605839416056,0.06906077348066297
596,0.1591005515485787,0.0,0.0,0.07891387356809504,0.0,0.4403903266864658,0.3215952481968604,0.06906077348066297
966,0.13007243214940223,0.0,0.046688192686970935,0.08133344969019984,0.002661663321406754,0.3835413212322192,0.35570294091980104,0.06906077348066297
977,0.12371310912834592,0.05190459849004805,0.0,0.07609814687714482,0.0030027453671928623,0.38945607412491423,0.35582532601235417,0.06906077348066297
659,0.12404169179085192,0.08269446119390128,0.0,0.08269446119390128,0.0,0.4014126970453958,0.30915668877594965,0.24033149171270715
815,0.13849462365591397,0.06408602150537634,0.0,0.08,0.0034408602150537634,0.40903225806451615,0.30494623655913977,0.06906077348066297
489,0.19709778038967493,0.0,0.0,0.09854889019483747,0.0,0.37900637403372356,0.3253469553817639,0.06906077348066297
229,0.08883464099552316,0.0,0.04195526499492123,0.06659672032470708,0.003640832500804662,0.4212664746625646,0.37770606652147926,0.03038674033149171
107,0.17414464249129277,0.04355664822782217,0.0,0.06289694734685515,0.006760909649661954,0.3491497643925425,0.36349108789182544,0.06906077348066297
253,0.10694001880394967,0.0,0.05031545540017952,0.08017204337671287,0.002701472408819988,0.43751090161109857,0.32236010839923934,0.0
635,0.04481546572934974,0.0672231985940246,0.0,0.0843585237258348,0.0,0.3897188049209139,0.413884007029877,0.011049723756906077
377,0.15071781476103185,0.05038039313641233,0.0,0.06773834371282329,0.0038229827732924647,0.4491898917456595,0.2781505738707807,0.06906077348066297
70,0.15415052345231228,0.07798202951116973,0.0,0.07010963646855164,0.004162888467562444,0.38170802077322563,0.31188690132717833,0.0
876,0.13485566566135287,0.0,0.0,0.07669108143041792,0.0034467901766479965,0.4308487720809996,0.35415769065058167,0.06906077348066297
817,0.13563714902807775,0.0,0.04881209503239741,0.0734341252699784,0.004319654427645789,0.39956803455723544,0.3382289416846652,0.06906077348066297
564,0.10337275514673674,0.0,0.0,0.08497590889180902,0.0,0.4240035041611914,0.3876478318002628,0.03038674033149171
667,0.07572441565263066,0.05077475269193732,0.0,0.08404096997286177,0.0,0.4144270331786746,0.37503282850389563,0.24033149171270715
390,0.08992843634035491,0.0,0.07339171310512149,0.06706091967095038,0.004911314134559898,0.4395752513573507,0.3251323653916625,0.0
424,0.07328361612459143,0.021135444203271875,0.07327939325861677,0.06958016266479736,0.0027321942856177632,0.424904774372271,0.33508441509083386,0.1464088397790055
695,0.10205831903945112,0.0,0.0,0.0797598627787307,0.0,0.4798456260720412,0.338336192109777,0.06906077348066297
661,0.08708525646608029,0.05791169554994339,0.0,0.08360184620743706,0.0,0.4203605329617695,0.35104066881476964,0.06906077348066297
333,0.09026422024420105,0.022600178683696768,0.05119784255980941,0.05821696833327819,0.004926210251149863,0.4449306773435691,0.3278639025842957,0.0
435,0.07085037383256704,0.054995300632509465,0.05445339158855556,0.07428387566574374,0.003298024572188212,0.426033649164698,0.316085384543738,0.26795580110497236
544,0.15529315960912052,0.0,0.0,0.07561074918566775,0.0,0.44975570032573287,0.3193403908794788,0.011049723756906077
786,0.12063632346442775,0.04639858594785683,0.03623508616880247,0.09279717189571365,0.003977021652673442,0.39946973044631023,0.30048608042421565,0.06906077348066297
520,0.16239969430645776,0.0,0.0,0.07884345943191949,0.0,0.44486901880864427,0.31388782745297833,0.011049723756906077
918,0.14476854241954915,0.0,0.0,0.07825675443125109,0.0014627430734813287,0.4241094475993805,0.351402512476338,0.06906077348066297
118,0.15554553651938682,0.06197229281088613,0.0,0.06307894089679482,0.006516927617017788,0.4649151569800803,0.24797114517583407,0.06906077348066297
336,0.09026422024420105,0.022600178683696768,0.05119784255980941,0.05821696833327819,0.004926210251149863,0.4449306773435691,0.3278639025842957,0.1464088397790055
154,0.11679040548258136,0.08195316961736149,0.0,0.05902749449294279,0.00456881781838949,0.4098066411030431,0.3278534714856816,0.24309392265193366
694,0.10205831903945112,0.0,0.0,0.0797598627787307,0.0,0.4798456260720412,0.338336192109777,0.011049723756906077
965,0.07127919911012236,0.08364849833147942,0.06513904338153505,0.09041156840934371,0.005027808676307008,0.3687208008898777,0.31577308120133485,0.06906077348066297
836,0.1340471092077088,0.06209850107066381,0.0,0.07623126338329765,0.003426124197002141,0.3713062098501071,0.35289079229122056,0.06906077348066297
731,0.1622769753610875,0.0,0.0,0.0790144435004248,0.0,0.4447748513169074,0.3139337298215803,0.06906077348066297
136,0.15554553651938682,0.06197229281088613,0.0,0.06307894089679482,0.006516927617017788,0.4649151569800803,0.24797114517583407,0.1464088397790055
618,0.05081701493845008,0.07578744469268849,0.0,0.08411092127743462,0.0,0.39856310509484383,0.390721513996583,0.24033149171270715
50,0.14917003140421714,0.0639300134589502,0.0,0.10228802153432032,0.0,0.41812471960520414,0.26648721399730824,0.4889502762430939
241,0.08875640553304083,0.0,0.052240680577419034,0.06656730414978063,0.00328231235556151,0.45441604983755907,0.33473724754663897,0.1464088397790055
870,0.12850366537300562,0.0,0.046140577835273824,0.07072013799051315,0.00560586459680897,0.41095299698145754,0.33807675722294095,0.06906077348066297
98,0.16371933827723903,0.03858691223209193,0.0,0.06006030478363622,0.004645098199005786,0.3857876293700595,0.3472007171379676,0.011049723756906077
579,0.13464912280701755,0.0,0.0,0.08464912280701754,0.0,0.4245614035087719,0.356140350877193,0.4889502762430939
451,0.1576169297688285,0.00814557776583093,0.03828421549940537,0.0639427854617728,0.0058322336803349455,0.3820275972174706,0.3441506606063568,0.06906077348066297
638,0.04481546572934974,0.0672231985940246,0.0,0.0843585237258348,0.0,0.3897188049209139,0.413884007029877,0.06906077348066297
83,0.15554553651938682,0.06197229281088613,0.0,0.06307894089679482,0.006516927617017788,0.4649151569800803,0.24797114517583407,0.0
592,0.11682242990654206,0.0,0.0,0.07774001699235344,0.0,0.46219201359388273,0.34324553950722175,0.06906077348066297
405,0.10623227665949635,0.0,0.049982461552765374,0.08153898817950919,0.002430025821665688,0.44103912130266293,0.3187771264839006,0.03038674033149171
61,0.12036199095022625,0.051583710407239816,0.0,0.10316742081447963,0.0,0.42171945701357466,0.3031674208144796,0.7375690607734806
146,0.19649209894928435,0.049143708116157855,0.0,0.07491519814676925,0.0036816414329444856,0.35248614213617935,0.32328121121866465,0.24309392265193366
400,0.07355635963520175,0.03951416661376669,0.0676696502253539,0.0729342559089274,0.004117734188196957,0.4262468524513849,0.31596098097716835,0.03038674033149171
162,0.09461402956369298,0.0,0.041133019598498834,0.08054276693700056,0.0018977269826140975,0.4114918857279017,0.37032057119029177,0.26795580110497236
59,0.14917003140421714,0.0639300134589502,0.0,0.10228802153432032,0.0,0.41812471960520414,0.26648721399730824,0.06906077348066297
306,0.1022116949426268,0.0,0.0517953198696421,0.059340176985287124,0.004965029463039725,0.4500412027048851,0.3316465760345192,0.1464088397790055
3,0.14917003140421714,0.0639300134589502,0.0,0.10228802153432032,0.0,0.41812471960520414,0.26648721399730824,1.0
869,0.12069716775599129,0.050980392156862744,0.03965141612200436,0.0832244008714597,0.0030501089324618735,0.4122004357298475,0.2901960784313726,0.06906077348066297
773,0.2141109298531811,0.0,0.0,0.07707993474714518,0.0,0.4588091353996737,0.25,0.011049723756906077
759,0.10806174957118353,0.0,0.0,0.07933104631217838,0.0,0.47641509433962265,0.3361921097770154,0.06906077348066297
119,0.11679040548258136,0.08195316961736149,0.0,0.05902749449294279,0.00456881781838949,0.4098066411030431,0.3278534714856816,0.06906077348066297
210,0.08995686480799579,0.04126670173592846,0.010318779589689638,0.07648185165702262,0.0027985270910047344,0.44860599684376645,0.3305712782745923,0.06906077348066297
509,0.11175387851696028,0.0,0.0,0.08414409676571127,0.0,0.38995529844859317,0.41414672626873517,0.0
893,0.10761822559396719,0.04165720256212238,0.03248080679598419,0.11216099577522372,0.002725662108753918,0.3874528687593694,0.3159042384045791,0.06906077348066297
696,0.12644169158479282,0.0,0.0,0.07945322511747116,0.0,0.46561298590346006,0.32849209739427593,0.011049723756906077
266,0.07688571464773385,0.019094721815117816,0.051514780353681046,0.07188924132163689,0.003459096918067129,0.44744411172165044,0.32971233322211285,0.1464088397790055
788,0.06933813597478614,0.06483565961278703,0.05042773525438991,0.09905447996398019,0.004502476361999099,0.4155785682125169,0.2962629446195407,0.06906077348066297
129,0.19152237830774255,0.047860176412936946,0.0,0.056272459980398565,0.013149297615158446,0.34796635086573013,0.3432293368180333,0.1464088397790055
279,0.11561188125422513,0.0,0.040640466036271375,0.06701775177559485,0.004936612724192323,0.4064046603627137,0.36538862784700255,0.03038674033149171
522,0.06735663386494742,0.1010349507974211,0.0,0.07876654224635223,0.0,0.4413810654903291,0.31146080760095013,0.06906077348066297
81,0.1493041258338137,0.07782261385160173,0.0,0.0678992011858684,0.004776414395124762,0.3889895412995141,0.3112081034340772,0.0
765,0.1623459413514662,0.0,0.0,0.0786230344241394,0.0,0.44496387590310243,0.31406714832129196,0.06906077348066297
568,0.10341805433829973,0.0,0.0,0.0845749342681858,0.0,0.42418930762489043,0.387817703768624,1.0
469,0.20164850734928727,0.010677925032752483,0.05051479919340597,0.08624477911069313,0.0016140094376429714,0.3622280722649111,0.28707190761130713,0.1464088397790055
178,0.08998943397507436,0.0,0.051608030178943484,0.07651244796550978,0.002414485213930179,0.44878023941169726,0.3306953632548449,0.0
904,0.13343421755385437,0.0,0.053320277728324726,0.09413387929499732,0.00440626669040413,0.3908670108598896,0.3238383478725298,0.06906077348066297
878,0.06904231625835189,0.0,0.06369710467706013,0.08596881959910913,0.004008908685968819,0.3906458797327394,0.3866369710467706,0.06906077348066297
565,0.10337275514673674,0.0,0.0,0.08497590889180902,0.0,0.4240035041611914,0.3876478318002628,0.06906077348066297
111,0.19152237830774255,0.047860176412936946,0.0,0.056272459980398565,0.013149297615158446,0.34796635086573013,0.3432293368180333,0.06906077348066297
917,0.12117074835736837,0.05107091048724294,0.0,0.07180646812867993,0.0030719344653980713,0.4140285007253178,0.3388514378359928,0.06906077348066297
963,0.07281574872815748,0.0,0.06653395266533953,0.08033620880336209,0.00517584605175846,0.4526874585268746,0.3224507852245078,0.06906077348066297
14,0.13755656108597286,0.034389140271493215,0.0,0.10316742081447963,0.0,0.42171945701357466,0.3031674208144796,0.06906077348066297
214,0.09836697459881025,0.0,0.05060537146723885,0.08361278496571632,0.0026253463701267276,0.44031298582826894,0.32447653676983895,0.03038674033149171
594,0.1274426508071368,0.0,0.0,0.07816482582837724,0.0,0.4566694987255735,0.3377230246389125,0.06906077348066297
327,0.08963846518794688,0.0,0.07315506404846775,0.06491336347872818,0.00489547777092019,0.4418105710411077,0.32558705847282926,0.26795580110497236
160,0.09461402956369298,0.0,0.041133019598498834,0.08054276693700056,0.0018977269826140975,0.4114918857279017,0.37032057119029177,0.06906077348066297
476,0.1814695610490995,0.009415873450660823,0.05649524070396494,0.0761829761008012,0.00362939122098199,0.35181127165650894,0.3209956858179826,0.011049723756906077
983,0.14159525379037574,0.0,0.05080202153372885,0.08613491540320808,0.004570424082619205,0.35943748626675454,0.35745989892331353,0.06906077348066297
458,0.15764196942479014,0.008146871804898715,0.038290297483023955,0.06395294366845491,0.005674296212111954,0.3820882876497497,0.3442053337569707,0.011049723756906077
26,0.17048003589053387,0.04262000897263347,0.0,0.10228802153432032,0.0,0.41812471960520414,0.26648721399730824,0.7375690607734806
866,0.06328565236237538,0.07498916341569137,0.0,0.0788903337667967,0.0013003901170351106,0.4273948851322063,0.3541395752058951,0.06906077348066297
686,0.13972140143520473,0.0,0.0,0.08104685521317011,0.0,0.4326720135078092,0.34655972984381594,0.06906077348066297
889,0.06984126984126984,0.07891156462585033,0.08390022675736962,0.10340136054421768,0.0031746031746031746,0.3832199546485261,0.27755102040816326,0.06906077348066297
905,0.0668909472212513,0.06335197483397413,0.04937084935337294,0.0779884655714785,0.003495281370150297,0.3788885005242922,0.36001398112548055,0.06906077348066297
826,0.14153846153846153,0.0,0.05098901098901099,0.08615384615384615,0.004395604395604396,0.35956043956043954,0.35736263736263735,0.06906077348066297
25,0.17194570135746606,0.0,0.0,0.10316742081447963,0.0,0.42171945701357466,0.3031674208144796,0.7375690607734806
651,0.06716123085026997,0.044774153900179976,0.0,0.08428076028269171,0.0,0.3897985163074492,0.4139853386594092,0.06906077348066297
750,0.14578111946532998,0.0,0.0,0.08020050125313283,0.0,0.43734335839599,0.3366750208855472,0.9861878453038673
654,0.08104177683765204,0.054027851225101356,0.0,0.08967918209060463,0.0,0.42270403666490397,0.35254715318173807,0.011049723756906077
49,0.17048003589053387,0.04262000897263347,0.0,0.10228802153432032,0.0,0.41812471960520414,0.26648721399730824,0.011049723756906077
439,0.07355635963520175,0.03951416661376669,0.0676696502253539,0.0729342559089274,0.004117734188196957,0.4262468524513849,0.31596098097716835,0.26795580110497236
38,0.21310004486316733,0.0,0.0,0.10228802153432032,0.0,0.41812471960520414,0.26648721399730824,0.24033149171270715
930,0.06285789220614592,0.059579490317786435,0.04642217073917035,0.0778511168422433,0.0032784018883594878,0.41154871705206103,0.3384622109542335,0.06906077348066297
586,0.0851063829787234,0.0,0.0,0.07659574468085106,0.0,0.4787234042553192,0.3595744680851064,0.06906077348066297
738,0.10214592274678111,0.0,0.0,0.07939914163090128,0.0,0.4798283261802575,0.3386266094420601,0.06906077348066297
955,0.1339898013012133,0.0,0.043784068929136624,0.08616142078424477,0.004308071039212239,0.4217513627571654,0.3100052751890276,0.06906077348066297
795,0.0695233930913861,0.06515085264538698,0.050721469173589856,0.0765194578049847,0.006558810668998688,0.41670310450371667,0.314822912111937,0.06906077348066297
343,0.09170678969665733,0.0,0.05201537036804237,0.06641356682213032,0.0047477172824451795,0.45201788460490866,0.3330986712258162,0.0
718,0.1520417028670721,0.0,0.0,0.08818418766290183,0.0,0.42311033883579496,0.3366637706342311,0.1464088397790055
312,0.11476073261295842,0.0,0.05062789436355293,0.0665359422587509,0.004130335016062415,0.4395677750427636,0.32437732070591185,0.26795580110497236
549,0.10817874127072534,0.0,0.0,0.07955957328306414,0.0,0.4762435199862902,0.3360181654599203,0.06906077348066297
66,0.058290534051526156,0.08743580107728924,0.0,0.080170362019291,0.0,0.43717900538644616,0.3369242974654474,0.9861878453038673
205,0.08994835923788841,0.041266313977517115,0.010315526319112133,0.07647630711733437,0.002887168933052192,0.44856335989023705,0.33054296452485865,0.06906077348066297
494,0.17004153686396678,0.0,0.0,0.08307372793354102,0.0,0.40697473174108695,0.3399100034614054,0.06906077348066297
867,0.06299212598425197,0.0594925634295713,0.04636920384951881,0.0778652668416448,0.0030621172353455816,0.4116360454943132,0.33858267716535434,0.06906077348066297
226,0.10608188673000463,0.0,0.04060390296477657,0.07952746884374987,0.0023465313344677025,0.4060220565458889,0.3654181535811123,0.1464088397790055
481,0.08764622166684022,0.004772814051164566,0.06117879829220035,0.08938179041271824,0.0007462945607275503,0.4087264396542747,0.34754764136207433,0.06906077348066297
289,0.10422599337748345,0.0,0.0413658940397351,0.060488410596026485,0.005111754966887417,0.4163907284768212,0.3724172185430464,0.03038674033149171
433,0.06988149792049604,0.05442286353202267,0.05594755075937895,0.07414215167249719,0.0034220757769552,0.425980670354151,0.31620318998449903,0.26795580110497236
148,0.1596876926237929,0.03990137661803986,0.0,0.06488596671460858,0.0049722621738237105,0.3501540990343127,0.38039860283542226,0.24309392265193366
478,0.18221511697866707,0.009454557956440273,0.05672734773864164,0.072198442576453,0.003833393498702147,0.35325666546335927,0.3223144757877366,0.0
301,0.10564639380299383,0.0,0.04134826755992882,0.06123730765204648,0.005933214696953837,0.41359154192400294,0.3722432743640741,0.1464088397790055
227,0.10608188673000463,0.0,0.04060390296477657,0.07952746884374987,0.0023465313344677025,0.4060220565458889,0.3654181535811123,0.26795580110497236
149,0.21711413509868818,0.0,0.0,0.057946140329369455,0.011523844550692655,0.34820808303706424,0.3652077969841853,0.24309392265193366
212,0.08995686480799579,0.04126670173592846,0.010318779589689638,0.07648185165702262,0.0027985270910047344,0.44860599684376645,0.3305712782745923,0.26795580110497236
101,0.11679040548258136,0.08195316961736149,0.0,0.05902749449294279,0.00456881781838949,0.4098066411030431,0.3278534714856816,0.011049723756906077
989,0.14792472732816628,0.007828885290348633,0.05809856978627143,0.06345517551124681,0.004495428343037031,0.38814789176360065,0.3300493219773292,0.06906077348066297
847,0.07198177676537586,0.0,0.0888382687927107,0.10022779043280182,0.005011389521640091,0.4091116173120729,0.3248291571753986,0.06906077348066297
605,0.06821341675356273,0.10253736531108792,0.0,0.08342022940563085,0.0,0.4064129301355578,0.33941605839416056,0.24033149171270715
587,0.09566326530612244,0.0,0.0,0.07695578231292517,0.0,0.4732142857142857,0.3541666666666667,0.011049723756906077
332,0.11475375902497185,0.040496456249586005,0.010126184010068226,0.06652811816917267,0.004632542889315758,0.4395326886136319,0.3239302510432536,0.26795580110497236
488,0.12525028004904165,0.006615331692731073,0.06218411791167209,0.07894295819992414,0.002407980736154111,0.3713406190186376,0.3532587123918393,0.1464088397790055
631,0.09297430049995616,0.06196824839926323,0.0,0.08924655731953338,0.0,0.4268923778615911,0.3289185159196562,0.011049723756906077
956,0.06628887717448603,0.0,0.08078545071164997,0.07318573185731857,0.005095765243366719,0.4354243542435424,0.33921982076963625,0.06906077348066297
23,0.058290534051526156,0.08743580107728924,0.0,0.080170362019291,0.0,0.43717900538644616,0.3369242974654474,0.4889502762430939
712,0.22031823745410037,0.0,0.0,0.07058343533251733,0.0,0.4589963280293758,0.25010199918400655,0.24033149171270715
113,0.21711413509868818,0.0,0.0,0.057946140329369455,0.011523844550692655,0.34820808303706424,0.3652077969841853,0.06906077348066297
806,0.0729765590446705,0.0,0.06634232640424591,0.0804953560371517,0.005307386112339673,0.4524546660769571,0.32242370632463513,0.06906077348066297
308,0.11476073261295842,0.0,0.05062789436355293,0.0665359422587509,0.004130335016062415,0.4395677750427636,0.32437732070591185,0.0
943,0.1205959064586004,0.04646125281817779,0.03616108925334865,0.09270147208346224,0.003978603952079925,0.39962866363113914,0.3004730118031917,0.06906077348066297
995,0.18570643393680986,0.009993171332922504,0.03289418897086991,0.06745390649722689,0.004846688096467415,0.4026415282890025,0.29646408287670095,0.1464088397790055
803,0.1569468267581475,0.08018867924528301,0.0,0.08190394511149228,0.003001715265866209,0.35334476843910806,0.32461406518010294,0.06906077348066297
992,0.18570643393680986,0.009993171332922504,0.03289418897086991,0.06745390649722689,0.004846688096467415,0.4026415282890025,0.29646408287670095,0.0
365,0.16822033898305086,0.007288135593220339,0.06694915254237288,0.07076271186440677,0.008813559322033898,0.4097457627118644,0.26822033898305087,0.06906077348066297
560,0.14835886214442012,0.0,0.0,0.0862144420131291,0.0,0.4236323851203501,0.34179431072210065,0.24033149171270715
550,0.16239969430645776,0.0,0.0,0.07884345943191949,0.0,0.44486901880864427,0.31388782745297833,0.06906077348066297
921,0.06341571050308914,0.07511032656663724,0.05851721094439541,0.08455428067078552,0.0037511032656663726,0.3592674315975287,0.3553839364518976,0.06906077348066297
886,0.06018724921979492,0.04681230494872938,0.08604547481052162,0.08738296923762817,0.0026749888542131075,0.43022737405260814,0.2866696388765047,0.06906077348066297
837,0.06713780918727916,0.0,0.04946996466431095,0.0812720848056537,0.0035335689045936395,0.4381625441696113,0.36042402826855124,0.06906077348066297
63,0.08597285067873303,0.08597285067873303,0.0,0.10316742081447963,0.0,0.42171945701357466,0.3031674208144796,0.7375690607734806
517,0.10022588471513426,0.15033882707270138,0.0,0.07767924370450931,0.0,0.39387601438969294,0.277880030117962,0.06906077348066297
844,0.14380238200264667,0.0,0.060873400970445524,0.08778120864578738,0.004852227613586237,0.3533303925893251,0.3493603881782091,0.06906077348066297
219,0.10248671827238522,0.0,0.040516803430431306,0.0803619862748306,0.003013682116810319,0.4089609685113272,0.3646598413942155,0.03038674033149171
863,0.11525129982668977,0.04852686308492201,0.037694974003466206,0.07712305025996534,0.004332755632582322,0.39428076256499134,0.322790294627383,0.06906077348066297
460,0.1576169297688285,0.00814557776583093,0.03828421549940537,0.0639427854617728,0.0058322336803349455,0.3820275972174706,0.3441506606063568,0.1464088397790055
58,0.13755656108597286,0.034389140271493215,0.0,0.10316742081447963,0.0,0.42171945701357466,0.3031674208144796,0.4889502762430939
2,0.14917003140421714,0.0639300134589502,0.0,0.10228802153432032,0.0,0.41812471960520414,0.26648721399730824,0.7375690607734806
208,0.08995686480799579,0.04126670173592846,0.010318779589689638,0.07648185165702262,0.0027985270910047344,0.44860599684376645,0.3305712782745923,0.0
599,0.10629251700680271,0.0,0.0,0.07738095238095238,0.0,0.467687074829932,0.3486394557823129,0.011049723756906077
477,0.1814695610490995,0.009415873450660823,0.05649524070396494,0.0761829761008012,0.00362939122098199,0.35181127165650894,0.3209956858179826,0.1464088397790055
679,0.13225255972696245,0.0,0.0,0.08191126279863481,0.0,0.431740614334471,0.35409556313993173,0.0
391,0.08205171432786126,0.0,0.04236613069774303,0.07172149284555245,0.003152593092112196,0.42062672539144,0.38008134364529117,0.0
873,0.12521663778162911,0.05805892547660312,0.0,0.08448873483535528,0.0025996533795493936,0.4003466204506066,0.3292894280762565,0.06906077348066297
505,0.14485818688011134,0.0,0.0,0.08352183748042456,0.0,0.40508091178005917,0.3665390638594049,0.011049723756906077
275,0.12147519036063929,0.0,0.040239310517948296,0.07032047527403566,0.003936909045268179,0.40213371266002845,0.3618944021420802,0.06906077348066297
348,0.15956137596224845,0.0,0.0,0.0910688065997301,0.0,0.42585064036733067,0.3235191770706908,0.0
106,0.1295538187983294,0.1084232725468304,0.0,0.0725716412355787,0.0035562171773559936,0.4329074142993012,0.25298763594260426,0.06906077348066297
541,0.08857407096014797,0.13288212544139902,0.0,0.07806457037161593,0.0,0.41071128299983184,0.2897679502270052,0.06906077348066297
839,0.06216696269982238,0.05905861456483126,0.04573712255772647,0.08880994671403197,0.003108348134991119,0.4067495559502664,0.33436944937833035,0.06906077348066297
198,0.071769210389122,0.017981830146914284,0.07000863196219029,0.052026801815276004,0.002444298204380934,0.4524088302409257,0.33336039724119065,0.0
17,0.15475113122171946,0.017194570135746608,0.0,0.10316742081447963,0.0,0.42171945701357466,0.3031674208144796,1.0
799,0.0663153271848924,0.0,0.08080808080808081,0.0733421168203777,0.005270092226613966,0.43522178304787,0.3390425999121651,0.06906077348066297
891,0.08269662921348314,0.038651685393258424,0.0853932584269663,0.09573033707865168,0.002696629213483146,0.4148314606741573,0.28,0.06906077348066297
575,0.11125711782742007,0.0,0.0,0.08672798948751642,0.0,0.4240035041611914,0.3780113885238721,0.0
281,0.11561188125422513,0.0,0.040640466036271375,0.06701775177559485,0.004936612724192323,0.4064046603627137,0.36538862784700255,0.1464088397790055
352,0.15956137596224845,0.0,0.0,0.0910688065997301,0.0,0.42585064036733067,0.3235191770706908,0.26795580110497236
981,0.0719486823855756,0.11256067961165049,0.0,0.07940360610263524,0.005504507628294036,0.3722260748959778,0.35835644937586686,0.06906077348066297
636,0.12404169179085192,0.08269446119390128,0.0,0.08269446119390128,0.0,0.4014126970453958,0.30915668877594965,0.06906077348066297
949,0.06292725679228746,0.0,0.0766432953549518,0.0694127957931639,0.007843996494303241,0.41310254163014903,0.3700701139351446,0.06906077348066297
532,0.05749025588883241,0.08621420098288426,0.0,0.07867310625317743,0.0,0.45593967124216245,0.3216827656329436,0.011049723756906077
359,0.21619823715283554,0.0,0.0,0.07068019291535008,0.0021619823715283556,0.35547979378014305,0.35547979378014305,0.06906077348066297
187,0.0984304712010512,0.0,0.0506383834752201,0.08366397445610069,0.001981706664612197,0.44059802171745055,0.3246874424855652,0.26795580110497236
207,0.08994835923788841,0.041266313977517115,0.010315526319112133,0.07647630711733437,0.002887168933052192,0.44856335989023705,0.33054296452485865,0.26795580110497236
165,0.10034561534595654,0.0,0.040591455880503696,0.08492961729956519,0.0019600462994952463,0.4064467369113155,0.36572652826316376,0.06906077348066297
676,0.05404928801304942,0.08107393201957412,0.0,0.08971476436097517,0.0,0.4224308953842084,0.35273112022219283,0.011049723756906077
897,0.13260460532210375,0.0,0.04780037631036645,0.09918466087268164,0.004703879580682734,0.366992204999552,0.3487142729146133,0.06906077348066297
269,0.07091448103264383,0.01772862025816096,0.052173876529523905,0.06648442552047903,0.004547630445189086,0.4538392414737178,0.33431172474028537,0.03038674033149171
616,0.13223892233724607,0.08814484341837399,0.0,0.08814484341837399,0.0,0.41815740459999134,0.27331398622601466,0.011049723756906077
768,0.1335055986218777,0.0,0.0,0.082687338501292,0.0,0.4177433247200689,0.3660637381567614,0.06906077348066297
288,0.10422599337748345,0.0,0.0413658940397351,0.060488410596026485,0.005111754966887417,0.4163907284768212,0.3724172185430464,0.0
692,0.14505403158769742,0.0,0.0,0.0798004987531172,0.0,0.4389027431421446,0.33624272651704074,0.24033149171270715
776,0.2141109298531811,0.0,0.0,0.07707993474714518,0.0,0.4588091353996737,0.25,0.24033149171270715
251,0.10696732298710196,0.0,0.05032830206343059,0.08019251309591185,0.0024468397468903856,0.4376226079481866,0.3224424141584786,0.1464088397790055
512,0.1010349507974211,0.06735663386494742,0.0,0.07876654224635223,0.0,0.4413810654903291,0.31146080760095013,0.011049723756906077
36,0.10655002243158367,0.10655002243158367,0.0,0.10228802153432032,0.0,0.41812471960520414,0.26648721399730824,0.06906077348066297
394,0.06988149792049604,0.05442286353202267,0.05594755075937895,0.07414215167249719,0.0034220757769552,0.425980670354151,0.31620318998449903,0.03038674033149171
297,0.10398533936122696,0.0,0.04122261044528769,0.06600209556966519,0.0053432852020221,0.4123346399335429,0.3711120294882552,0.26795580110497236
19,0.21310004486316733,0.0,0.0,0.10228802153432032,0.0,0.41812471960520414,0.26648721399730824,0.4889502762430939
310,0.11476073261295842,0.0,0.05062789436355293,0.0665359422587509,0.004130335016062415,0.4395677750427636,0.32437732070591185,0.06906077348066297
553,0.07944702820326834,0.05295046294320946,0.0,0.0792336903187268,0.0,0.4622605282246022,0.3261082903101933,0.06906077348066297
267,0.07688571464773385,0.019094721815117816,0.051514780353681046,0.07188924132163689,0.003459096918067129,0.44744411172165044,0.32971233322211285,0.26795580110497236
112,0.1596876926237929,0.03990137661803986,0.0,0.06488596671460858,0.0049722621738237105,0.3501540990343127,0.38039860283542226,0.06906077348066297
962,0.11038619844119452,0.04251685786846484,0.03310272353095718,0.08485856905158072,0.003634293720991331,0.3658376390226815,0.35966371836412997,0.06906077348066297
632,0.10231066025057442,0.06806260025144145,0.0,0.08323579139029784,0.0,0.42164130576147746,0.3247496423462089,0.0
291,0.10422599337748345,0.0,0.0413658940397351,0.060488410596026485,0.005111754966887417,0.4163907284768212,0.3724172185430464,0.1464088397790055
896,0.0639603699969313,0.10104774012537811,0.0,0.08877296041383544,0.0014905089649730394,0.3625443864802069,0.3821840340186752,0.06906077348066297
644,0.13223892233724607,0.08814484341837399,0.0,0.08814484341837399,0.0,0.41815740459999134,0.27331398622601466,0.0
883,0.0719360568383659,0.09502664298401421,0.07282415630550622,0.08969804618117229,0.004440497335701598,0.3641207815275311,0.3019538188277087,0.06906077348066297
189,0.08004407175959023,0.0,0.05264220291512822,0.06806311345113837,0.004154856724728127,0.45758093139440015,0.33751482375501485,0.03038674033149171
247,0.0978302165562075,0.0,0.051340284520241454,0.07343492760352906,0.0028367596774874406,0.44594537549073404,0.32861243615180036,0.26795580110497236
5,0.12036199095022625,0.051583710407239816,0.0,0.10316742081447963,0.0,0.42171945701357466,0.3031674208144796,0.24033149171270715
660,0.08708525646608029,0.05791169554994339,0.0,0.08360184620743706,0.0,0.4203605329617695,0.35104066881476964,0.011049723756906077
563,0.10337275514673674,0.0,0.0,0.08497590889180902,0.0,0.4240035041611914,0.3876478318002628,0.0
953,0.06683309245390444,0.10454167214119915,0.0,0.08759251959882627,0.0027591643673630273,0.4387509306705208,0.2995226207681864,0.06906077348066297
710,0.22031823745410037,0.0,0.0,0.07058343533251733,0.0,0.4589963280293758,0.25010199918400655,0.03038674033149171
145,0.15222244773695962,0.03807590826060483,0.0,0.05139029835599756,0.00949868073878628,0.3458899939111021,0.40292267099654966,0.24309392265193366
471,0.20752938590744444,0.010989336117298484,0.05198801317029667,0.08495602152219213,0.0016610804208070401,0.347432088016129,0.2954440748458323,0.011049723756906077
204,0.08994835923788841,0.041266313977517115,0.010315526319112133,0.07647630711733437,0.002887168933052192,0.44856335989023705,0.33054296452485865,0.03038674033149171
871,0.1340471092077088,0.06209850107066381,0.0,0.07623126338329765,0.003426124197002141,0.4291220556745182,0.29507494646680943,0.06906077348066297
903,0.06462349788190543,0.102014351171436,0.0,0.07599204633872224,0.005446528918474972,0.3660413244575085,0.3858822512319531,0.06906077348066297
397,0.07236897345043578,0.005713781927488287,0.07236477522712388,0.06581134863725671,0.001738064451124284,0.42246721187593406,0.35953584443063696,0.03038674033149171
316,0.1251057774484585,0.0,0.049484900663924525,0.07359163379321088,0.004007965410248098,0.4306036787396801,0.31720604394447793,0.1464088397790055
432,0.06935978813737441,8.407247046954475e-06,0.06035142292656269,0.06885955693808063,0.0,0.422716381520871,0.3787044432300643,0.26795580110497236
754,0.20508613617719443,0.0,0.0,0.08203445447087777,0.0,0.46144380639868743,0.25143560295324036,0.24033149171270715
533,0.10210557914147263,0.0,0.0,0.0796346327029461,0.0,0.47978043655388314,0.33847935160169823,0.06906077348066297
362,0.16244725738396623,0.0,0.05738396624472574,0.06666666666666667,0.008438818565400843,0.3810126582278481,0.3240506329113924,0.06906077348066297
938,0.06530428924320683,0.0,0.08035032562317539,0.09059061306984055,0.0035032562317538736,0.37008758140579384,0.39016393442622954,0.06906077348066297
924,0.06773134981404508,0.08024502297090352,0.0,0.08457667906366223,0.003981623277182236,0.3838109822795887,0.3796543425946183,0.06906077348066297
127,0.15222244773695962,0.03807590826060483,0.0,0.05139029835599756,0.00949868073878628,0.3458899939111021,0.40292267099654966,0.1464088397790055
561,0.14835886214442012,0.0,0.0,0.0862144420131291,0.0,0.4236323851203501,0.34179431072210065,0.4889502762430939
787,0.07114624505928854,0.08344312692138779,0.06499780412823891,0.07861220904699165,0.00834431269213878,0.36802810715854195,0.3254281949934124,0.06906077348066297
846,0.11456055968517709,0.048535198950590296,0.03760384783559248,0.08526453869698294,0.0021862702229995625,0.39134236991692173,0.3205072146917359,0.06906077348066297
314,0.1251057774484585,0.0,0.049484900663924525,0.07359163379321088,0.004007965410248098,0.4306036787396801,0.31720604394447793,0.03038674033149171
423,0.07236897345043578,0.005713781927488287,0.07236477522712388,0.06581134863725671,0.001738064451124284,0.42246721187593406,0.35953584443063696,0.1464088397790055
331,0.11475375902497185,0.040496456249586005,0.010126184010068226,0.06652811816917267,0.004632542889315758,0.4395326886136319,0.3239302510432536,0.1464088397790055
656,0.08825953072819535,0.13241098148067834,0.0,0.08825953072819535,0.0,0.41783406340807566,0.2732358936548554,0.06906077348066297
552,0.13288212544139902,0.08857407096014797,0.0,0.07806457037161593,0.0,0.41071128299983184,0.2897679502270052,0.011049723756906077
404,0.08205171432786126,0.0,0.04236613069774303,0.07172149284555245,0.003152593092112196,0.42062672539144,0.38008134364529117,0.03038674033149171
474,0.17692615836560288,0.009180130858592603,0.055080785151555615,0.07427560421952197,0.003538523167312058,0.36803979169448525,0.31295900654292963,0.0
368,0.16910229645093947,0.0,0.0,0.07306889352818371,0.0,0.46764091858037576,0.29018789144050106,0.06906077348066297
735,0.14443971026842778,0.0,0.0,0.07882403067746059,0.0,0.45547507456327224,0.32126118449083935,0.06906077348066297
840,0.06439066551426102,0.10198789974070872,0.0,0.07605877268798616,0.0056179775280898875,0.36603284356093346,0.3859118409680207,0.06906077348066297
42,0.10655002243158367,0.10655002243158367,0.0,0.10228802153432032,0.0,0.41812471960520414,0.26648721399730824,1.0
388,0.08031528623449836,0.0,0.05282057124532156,0.07030224776468305,0.004168934685283408,0.4552915511559511,0.3371014089142626,0.0
117,0.13469540612516645,0.117676431424767,0.0,0.07648135818908124,0.004285952063914781,0.3922686418109188,0.27459221038615184,0.06906077348066297
493,0.17004153686396678,0.0,0.0,0.08307372793354102,0.0,0.40697473174108695,0.3399100034614054,0.24033149171270715
270,0.07091448103264383,0.01772862025816096,0.052173876529523905,0.06648442552047903,0.004547630445189086,0.4538392414737178,0.33431172474028537,0.06906077348066297
324,0.08963846518794688,0.0,0.07315506404846775,0.06491336347872818,0.00489547777092019,0.4418105710411077,0.32558705847282926,0.03038674033149171
821,0.13244444444444445,0.0,0.04755555555555555,0.09333333333333334,0.004888888888888889,0.39111111111111113,0.33066666666666666,0.06906077348066297
0,0.22309440198306135,0.0,0.0,0.0669283205949184,0.001032844453625284,0.42966329270811815,0.2792811402602768,0.06906077348066297
9,0.21310004486316733,0.0,0.0,0.10228802153432032,0.0,0.41812471960520414,0.26648721399730824,0.06906077348066297
55,0.08534960677295973,0.056899737848639824,0.0,0.08251321500709098,0.0,0.42047359147363444,0.354763848897675,0.011049723756906077
899,0.13411815068493152,0.062071917808219176,0.0,0.0764126712328767,0.003424657534246575,0.3712328767123288,0.3527397260273973,0.06906077348066297
900,0.06697000485930114,0.0,0.04943234527543403,0.08145955736184124,0.003489861730794717,0.4382206122719442,0.3604276185006847,0.06906077348066297
914,0.06313187055759129,0.07478698512206967,0.06299942607390402,0.08419054346386473,0.0037084455432431244,0.42708931173016645,0.28409341750916073,0.06906077348066297
455,0.15764196942479014,0.008146871804898715,0.038290297483023955,0.06395294366845491,0.005674296212111954,0.3820882876497497,0.3442053337569707,0.0
874,0.06368330464716007,0.07530120481927711,0.0,0.07358003442340792,0.0008605851979345956,0.43029259896729777,0.35628227194492257,0.06906077348066297
595,0.1591005515485787,0.0,0.0,0.07891387356809504,0.0,0.4403903266864658,0.3215952481968604,0.011049723756906077
929,0.06317752146387998,0.07484173098603764,0.0,0.07887433873905127,0.0014742867054028273,0.42745642181944327,0.35417570028618506,0.06906077348066297
717,0.1520417028670721,0.0,0.0,0.08818418766290183,0.0,0.42311033883579496,0.3366637706342311,0.06906077348066297
319,0.08968312577624116,0.0,0.07331912322513512,0.06494830653553087,0.004263032459467625,0.44203786378436444,0.3257485482192609,0.03038674033149171
385,0.07328361612459143,0.021135444203271875,0.07327939325861677,0.06958016266479736,0.0027321942856177632,0.424904774372271,0.33508441509083386,0.0
556,0.14835886214442012,0.0,0.0,0.0862144420131291,0.0,0.4236323851203501,0.34179431072210065,0.0
986,0.11468635983999295,0.0441777660556508,0.03441909534485032,0.08817970020660248,0.0037803859510308143,0.3800167040309464,0.3347399885709262,0.06906077348066297
434,0.07530752440737043,0.054906008358572615,0.050168355865382985,0.07611546335933402,0.0015101267322041928,0.42609262110624185,0.31589990017089387,0.26795580110497236
18,0.17048003589053387,0.04262000897263347,0.0,0.10228802153432032,0.0,0.41812471960520414,0.26648721399730824,0.24033149171270715
774,0.2141109298531811,0.0,0.0,0.07707993474714518,0.0,0.4588091353996737,0.25,0.03038674033149171
959,0.13821732771229459,0.07063580831110729,0.0,0.0819495827239095,0.0019788350683988642,0.37425793684935044,0.33296050933493937,0.06906077348066297
186,0.0984304712010512,0.0,0.0506383834752201,0.08366397445610069,0.001981706664612197,0.44059802171745055,0.3246874424855652,0.1464088397790055
86,0.15931843255832956,0.07722796551301433,0.0,0.05961672046745393,0.008989498631144526,0.38601724349282884,0.30883013933722875,0.0
789,0.06530430919591293,0.051088405153265216,0.03953798311861395,0.08973789426921368,0.003998223011994669,0.3820524211461573,0.3682807641048423,0.06906077348066297
503,0.11175387851696028,0.0,0.0,0.08414409676571127,0.0,0.38995529844859317,0.41414672626873517,0.06906077348066297
46,0.1457263351288154,0.0,0.0,0.080170362019291,0.0,0.43717900538644616,0.3369242974654474,0.0
168,0.08177770310005882,0.0,0.04222464924808872,0.06957069646307654,0.0031420650256237925,0.42275056708392844,0.38053431907922375,0.0
674,0.05081701493845008,0.07578744469268849,0.0,0.08411092127743462,0.0,0.39856310509484383,0.390721513996583,0.011049723756906077
964,0.06736513983894708,0.10542038271711836,0.0,0.07805870638150489,0.004632435708719369,0.4424625508702052,0.30206078448350504,0.06906077348066297
221,0.10248671827238522,0.0,0.040516803430431306,0.0803619862748306,0.003013682116810319,0.4089609685113272,0.3646598413942155,0.1464088397790055
912,0.12035320088300222,0.0,0.03955849889624724,0.08772626931567329,0.0046799116997792494,0.4111699779249448,0.3365121412803532,0.06906077348066297
436,0.07236897345043578,0.005713781927488287,0.07236477522712388,0.06581134863725671,0.001738064451124284,0.42246721187593406,0.35953584443063696,0.26795580110497236
820,0.12360515021459227,0.05193133047210301,0.0,0.0759656652360515,0.0030042918454935624,0.38969957081545065,0.355793991416309,0.06906077348066297
954,0.13197105151128138,0.060791826309067695,0.0,0.07147722435078757,0.004257130693912303,0.38922945934440184,0.34227330779054915,0.06906077348066297
980,0.06864556037630483,0.10739292924953821,0.0,0.07233987714248893,0.005240774947377464,0.45074960264616176,0.2956312556381288,0.06906077348066297
819,0.06363636363636363,0.07454545454545454,0.05818181818181818,0.10772727272727273,0.0027272727272727275,0.395,0.29818181818181816,0.06906077348066297
945,0.06914558386603042,0.06491401818672908,0.05055370487080219,0.09908166021427928,0.004546682272440802,0.41559376969478706,0.2961645808949311,0.06906077348066297
258,0.07689046775246511,0.0,0.07079874859046861,0.07189246017278948,0.0032048292877309304,0.4474891264720595,0.32972436772448643,0.0
137,0.11679040548258136,0.08195316961736149,0.0,0.05902749449294279,0.00456881781838949,0.4098066411030431,0.3278534714856816,0.1464088397790055
330,0.11475375902497185,0.040496456249586005,0.010126184010068226,0.06652811816917267,0.004632542889315758,0.4395326886136319,0.3239302510432536,0.06906077348066297
376,0.12068089430894309,0.0804539295392954,0.0,0.0690210027100271,0.003218157181571816,0.4365684281842819,0.2900575880758808,0.06906077348066297
454,0.1576169297688285,0.00814557776583093,0.03828421549940537,0.0639427854617728,0.0058322336803349455,0.3820275972174706,0.3441506606063568,0.0
158,0.09461402956369298,0.0,0.041133019598498834,0.08054276693700056,0.0018977269826140975,0.4114918857279017,0.37032057119029177,0.0
708,0.20508613617719443,0.0,0.0,0.08203445447087777,0.0,0.46144380639868743,0.25143560295324036,0.06906077348066297
180,0.08998943397507436,0.0,0.051608030178943484,0.07651244796550978,0.002414485213930179,0.44878023941169726,0.3306953632548449,0.06906077348066297
521,0.08857407096014797,0.13288212544139902,0.0,0.07806457037161593,0.0,0.41071128299983184,0.2897679502270052,0.011049723756906077
771,0.1335055986218777,0.0,0.0,0.082687338501292,0.0,0.4177433247200689,0.3660637381567614,0.9861878453038673
32,0.08534960677295973,0.056899737848639824,0.0,0.08251321500709098,0.0,0.42047359147363444,0.354763848897675,0.4889502762430939
150,0.13098857753307586,0.08731202235187771,0.0,0.06397403237735227,0.0058755855041498885,0.3501109376284,0.36173884460514416,0.24309392265193366
263,0.07688571464773385,0.019094721815117816,0.051514780353681046,0.07188924132163689,0.003459096918067129,0.44744411172165044,0.32971233322211285,0.0
777,0.2141109298531811,0.0,0.0,0.07707993474714518,0.0,0.4588091353996737,0.25,0.7375690607734806
103,0.15931843255832956,0.07722796551301433,0.0,0.05961672046745393,0.008989498631144526,0.38601724349282884,0.30883013933722875,0.011049723756906077
347,0.09170678969665733,0.0,0.05201537036804237,0.06641356682213032,0.0047477172824451795,0.45201788460490866,0.3330986712258162,0.26795580110497236
551,0.10817874127072534,0.0,0.0,0.07955957328306414,0.0,0.4762435199862902,0.3360181654599203,0.011049723756906077
540,0.07527404526166905,0.0687323196605375,0.0,0.08208097595473834,0.0,0.4537659123055163,0.3201467468175389,0.06906077348066297
350,0.15956137596224845,0.0,0.0,0.0910688065997301,0.0,0.42585064036733067,0.3235191770706908,0.06906077348066297
727,0.14230438521066208,0.0,0.0,0.0825451418744626,0.0,0.4204643164230438,0.3546861564918315,0.9861878453038673
516,0.1152465041612099,0.07684508470280088,0.0,0.07845042457014911,0.0,0.4276963372903552,0.3017616492754847,0.011049723756906077
681,0.13225255972696245,0.0,0.0,0.08191126279863481,0.0,0.431740614334471,0.35409556313993173,0.06906077348066297
958,0.13044811424065883,0.06009899688992072,0.04682640501117001,0.08817731832318544,0.002628236015594201,0.38477375268299097,0.28704717683647996,0.06906077348066297
213,0.09836697459881025,0.0,0.05060537146723885,0.08361278496571632,0.0026253463701267276,0.44031298582826894,0.32447653676983895,0.0
465,0.20164850734928727,0.010677925032752483,0.05051479919340597,0.08624477911069313,0.0016140094376429714,0.3622280722649111,0.28707190761130713,0.06906077348066297
206,0.08994835923788841,0.041266313977517115,0.010315526319112133,0.07647630711733437,0.002887168933052192,0.44856335989023705,0.33054296452485865,0.1464088397790055
665,0.08708525646608029,0.05791169554994339,0.0,0.08360184620743706,0.0,0.4203605329617695,0.35104066881476964,0.24033149171270715
990,0.14792472732816628,0.007828885290348633,0.05809856978627143,0.06345517551124681,0.004495428343037031,0.38814789176360065,0.3300493219773292,0.1464088397790055
542,0.09556142336225325,0.14338404794836332,0.0,0.07783226455425626,0.0,0.40060354583176166,0.28261871830336566,0.011049723756906077
255,0.10694001880394967,0.0,0.05031545540017952,0.08017204337671287,0.002701472408819988,0.43751090161109857,0.32236010839923934,0.06906077348066297
412,0.07080051213783631,0.03196621925265185,0.07080051213783631,0.06954136530520533,0.0033534853353909292,0.4270500351882785,0.3264878706428009,0.06906077348066297
328,0.11475375902497185,0.040496456249586005,0.010126184010068226,0.06652811816917267,0.004632542889315758,0.4395326886136319,0.3239302510432536,0.0
725,0.1673913043478261,0.0,0.0,0.0808695652173913,0.0,0.42,0.3317391304347826,0.06906077348066297
648,0.12404169179085192,0.08269446119390128,0.0,0.08269446119390128,0.0,0.4014126970453958,0.30915668877594965,0.011049723756906077
583,0.13464912280701755,0.0,0.0,0.08464912280701754,0.0,0.4245614035087719,0.356140350877193,0.24033149171270715
346,0.09170678969665733,0.0,0.05201537036804237,0.06641356682213032,0.0047477172824451795,0.45201788460490866,0.3330986712258162,0.1464088397790055
879,0.11115954664341761,0.043156059285091544,0.03356582388840453,0.08238884045335658,0.0026155187445510027,0.4006102877070619,0.32650392327811684,0.06906077348066297
427,0.08031528623449836,0.0,0.05282057124532156,0.07030224776468305,0.004168934685283408,0.4552915511559511,0.3371014089142626,0.1464088397790055
841,0.13345195729537365,0.0,0.05338078291814947,0.09430604982206406,0.004448398576512456,0.3905693950177936,0.3238434163701068,0.06906077348066297
680,0.13225255972696245,0.0,0.0,0.08191126279863481,0.0,0.431740614334471,0.35409556313993173,0.011049723756906077
982,0.11967440249393833,0.05022514721163838,0.0390976792518185,0.07776238309664012,0.0038534811222722554,0.37673190162798753,0.3326550051957049,0.06906077348066297
741,0.12660393498716851,0.0,0.0,0.08212147134302823,0.0,0.46407185628742514,0.3272027373823781,0.24033149171270715
736,0.1272648835202761,0.0,0.0,0.07981018119068162,0.0,0.4611734253666954,0.33175150992234687,0.011049723756906077
683,0.13225255972696245,0.0,0.0,0.08191126279863481,0.0,0.431740614334471,0.35409556313993173,0.32320441988950277
607,0.07287980076025692,0.10931970114038538,0.0,0.08891510464455805,0.0,0.42626818718049553,0.3026172062743042,0.0
779,0.14006089604175728,0.0,0.0,0.08829926054806438,0.0,0.4236624619399739,0.34797738147020446,0.06906077348066297
421,0.07530752440737043,0.054906008358572615,0.050168355865382985,0.07611546335933402,0.0015101267322041928,0.42609262110624185,0.31589990017089387,0.1464088397790055
470,0.20752938590744444,0.010989336117298484,0.05198801317029667,0.08495602152219213,0.0016610804208070401,0.347432088016129,0.2954440748458323,0.0
627,0.12404169179085192,0.08269446119390128,0.0,0.08269446119390128,0.0,0.4014126970453958,0.30915668877594965,0.0
459,0.15779108786150264,0.008154578184056984,0.03832651746506782,0.06401343874484733,0.004733732635845079,0.3824497168322725,0.3445309282764076,0.011049723756906077
984,0.0654848524937161,0.0614719760109362,0.04788993253075804,0.08497596683864708,0.0026899501697755434,0.393526480575032,0.3439608413811351,0.06906077348066297
373,0.10060837973214094,0.06707225315476063,0.0,0.08126061439903691,0.0025152094933035235,0.4217812842616678,0.3267622589590902,0.06906077348066297
48,0.10655002243158367,0.10655002243158367,0.0,0.10228802153432032,0.0,0.41812471960520414,0.26648721399730824,0.011049723756906077
969,0.13875985510334543,0.07091412742382272,0.0,0.07415299382058385,0.0037928830172597487,0.3757085020242915,0.33667163861069677,0.06906077348066297
506,0.12622843415592924,0.0,0.0,0.0838611050447696,0.0,0.3988643808691854,0.39104607993011575,0.06906077348066297
589,0.13800424628450106,0.0,0.0,0.0781316348195329,0.0,0.451380042462845,0.332484076433121,0.011049723756906077
758,0.10806174957118353,0.0,0.0,0.07933104631217838,0.0,0.47641509433962265,0.3361921097770154,0.011049723756906077
888,0.06354810238305383,0.006619593998234775,0.08605472197705208,0.07766990291262135,0.00264783759929391,0.45057369814651366,0.31288614298323036,0.06906077348066297
82,0.13469540612516645,0.117676431424767,0.0,0.07648135818908124,0.004285952063914781,0.3922686418109188,0.27459221038615184,0.0
355,0.12712377416360626,0.055288752572743044,0.0,0.058517292868961616,0.002381048468461197,0.4560313168408733,0.3006578150853545,0.06906077348066297
95,0.1596876926237929,0.03990137661803986,0.0,0.06488596671460858,0.0049722621738237105,0.3501540990343127,0.38039860283542226,0.011049723756906077
446,0.18581010706994958,0.00999875015623047,0.03291255259759197,0.06749156355455567,0.004291130275382244,0.4028663083781194,0.2966295879681706,0.06906077348066297
67,0.14917003140421714,0.0639300134589502,0.0,0.10228802153432032,0.0,0.41812471960520414,0.26648721399730824,0.011049723756906077
608,0.05404928801304942,0.08107393201957412,0.0,0.08971476436097517,0.0,0.4224308953842084,0.35273112022219283,0.24033149171270715
534,0.14443876681996254,0.0,0.0,0.07907511497189576,0.0,0.45528870720490555,0.3211974110032363,0.011049723756906077
766,0.10801543077582512,0.0,0.0,0.07972567509644235,0.0,0.4762108872696099,0.3360480068581226,0.011049723756906077
422,0.07085037383256704,0.054995300632509465,0.05445339158855556,0.07428387566574374,0.003298024572188212,0.426033649164698,0.316085384543738,0.1464088397790055
380,0.06935978813737441,8.407247046954475e-06,0.06035142292656269,0.06885955693808063,0.0,0.422716381520871,0.3787044432300643,0.0
756,0.20508613617719443,0.0,0.0,0.08203445447087777,0.0,0.46144380639868743,0.25143560295324036,0.7375690607734806
201,0.071769210389122,0.017981830146914284,0.07000863196219029,0.052026801815276004,0.002444298204380934,0.4524088302409257,0.33336039724119065,0.1464088397790055
357,0.18774065979810595,0.0,0.0,0.06868560724320949,0.004683109584764283,0.4287646997606411,0.31012592361327923,0.06906077348066297
671,0.06821341675356273,0.10253736531108792,0.0,0.08342022940563085,0.0,0.4064129301355578,0.33941605839416056,0.0
128,0.19649209894928435,0.049143708116157855,0.0,0.07491519814676925,0.0036816414329444856,0.35248614213617935,0.32328121121866465,0.1464088397790055
144,0.17410897173289636,0.04354772634166325,0.0,0.06202376075378943,0.007619827939369112,0.3834494059811553,0.3292503072511266,0.24309392265193366
401,0.08031528623449836,0.0,0.05282057124532156,0.07030224776468305,0.004168934685283408,0.4552915511559511,0.3371014089142626,0.03038674033149171
209,0.08995686480799579,0.04126670173592846,0.010318779589689638,0.07648185165702262,0.0027985270910047344,0.44860599684376645,0.3305712782745923,0.03038674033149171
286,0.12393026277188715,0.0,0.040082142408113655,0.07189137085620886,0.003717363061061983,0.400293365743263,0.3600854951594652,0.1464088397790055
498,0.20686088605412858,0.0,0.0,0.08274435442165144,0.0,0.40346491984140664,0.3069298396828133,0.0
268,0.07091448103264383,0.01772862025816096,0.052173876529523905,0.06648442552047903,0.004547630445189086,0.4538392414737178,0.33431172474028537,0.0
90,0.17414464249129277,0.04355664822782217,0.0,0.06289694734685515,0.006760909649661954,0.3491497643925425,0.36349108789182544,0.011049723756906077
41,0.1917900403768506,0.021310004486316734,0.0,0.10228802153432032,0.0,0.41812471960520414,0.26648721399730824,1.0
928,0.12950385156961813,0.059927110080344556,0.0,0.05272094756895551,0.0033131781661558846,0.41402302658825474,0.34051188602667104,0.06906077348066297
745,0.14230438521066208,0.0,0.0,0.0825451418744626,0.0,0.4204643164230438,0.3546861564918315,0.24033149171270715
337,0.09026422024420105,0.022600178683696768,0.05119784255980941,0.05821696833327819,0.004926210251149863,0.4449306773435691,0.3278639025842957,0.26795580110497236
416,0.08992843634035491,0.0,0.07339171310512149,0.06706091967095038,0.004911314134559898,0.4395752513573507,0.3251323653916625,0.06906077348066297
861,0.06783369803063458,0.0800875273522976,0.0,0.08446389496717724,0.003938730853391685,0.3838074398249453,0.3798687089715536,0.06906077348066297
234,0.08893137595334417,0.0,0.04199943939387601,0.06666610884962787,0.0043384220192697895,0.41995255766085,0.3781120961230321,0.03038674033149171
366,0.14191953631094442,0.007458233890214797,0.06946812137742925,0.07117286055233549,0.00762870780770542,0.4244800545516536,0.277872485509717,0.06906077348066297
53,0.13755656108597286,0.034389140271493215,0.0,0.10316742081447963,0.0,0.42171945701357466,0.3031674208144796,0.24033149171270715
690,0.14505403158769742,0.0,0.0,0.0798004987531172,0.0,0.4389027431421446,0.33624272651704074,0.011049723756906077
785,0.2121951219512195,0.0,0.0,0.05934959349593496,0.0,0.3642276422764228,0.3642276422764228,0.06906077348066297
243,0.0978302165562075,0.0,0.051340284520241454,0.07343492760352906,0.0028367596774874406,0.44594537549073404,0.32861243615180036,0.0
79,0.13098857753307586,0.08731202235187771,0.0,0.06397403237735227,0.0058755855041498885,0.3501109376284,0.36173884460514416,0.0
51,0.08597285067873303,0.08597285067873303,0.0,0.10316742081447963,0.0,0.42171945701357466,0.3031674208144796,0.4889502762430939
526,0.1683915846623685,0.0,0.0,0.07876654224635223,0.0,0.4413810654903291,0.31146080760095013,0.011049723756906077
892,0.07036535859269283,0.08028867839422643,0.08434821831303563,0.09968425800631484,0.0031574199368516014,0.3852052322958954,0.2769508344609833,0.06906077348066297
338,0.09141918824525357,0.022886702315470644,0.051852419056370204,0.06620552939324714,0.004088126566016224,0.4314866572227114,0.3320613772009308,0.0
340,0.09141918824525357,0.022886702315470644,0.051852419056370204,0.06620552939324714,0.004088126566016224,0.4314866572227114,0.3320613772009308,0.06906077348066297
784,0.2121951219512195,0.0,0.0,0.05934959349593496,0.0,0.3642276422764228,0.3642276422764228,0.011049723756906077
797,0.13197105151128138,0.06087696892294593,0.0,0.07151979565772669,0.004257130693912303,0.3891017454235845,0.34227330779054915,0.06906077348066297
515,0.10815272604131393,0.07208770741618695,0.0,0.07860650186251271,0.0,0.43455807653234,0.30659498814764646,0.011049723756906077
535,0.05749025588883241,0.08621420098288426,0.0,0.07867310625317743,0.0,0.45593967124216245,0.3216827656329436,0.06906077348066297
640,0.08104177683765204,0.054027851225101356,0.0,0.08967918209060463,0.0,0.42270403666490397,0.35254715318173807,0.06906077348066297
677,0.07287980076025692,0.10931970114038538,0.0,0.08891510464455805,0.0,0.42626818718049553,0.3026172062743042,0.24033149171270715
713,0.22031823745410037,0.0,0.0,0.07058343533251733,0.0,0.4589963280293758,0.25010199918400655,0.4889502762430939
557,0.14835886214442012,0.0,0.0,0.0862144420131291,0.0,0.4236323851203501,0.34179431072210065,0.011049723756906077
907,0.14397213158126818,0.0,0.06080783137842843,0.08775024252579591,0.004762324719992945,0.3532498456654026,0.3494576241291119,0.06906077348066297
865,0.12960662525879918,0.060041407867494824,0.0,0.0525879917184265,0.0033126293995859213,0.4140786749482402,0.3403726708074534,0.06906077348066297
747,0.14578111946532998,0.0,0.0,0.08020050125313283,0.0,0.43734335839599,0.3366750208855472,0.06906077348066297
313,0.1251057774484585,0.0,0.049484900663924525,0.07359163379321088,0.004007965410248098,0.4306036787396801,0.31720604394447793,0.0
749,0.14578111946532998,0.0,0.0,0.08020050125313283,0.0,0.43734335839599,0.3366750208855472,0.4889502762430939
554,0.07527404526166905,0.0687323196605375,0.0,0.08208097595473834,0.0,0.4537659123055163,0.3201467468175389,0.011049723756906077
232,0.08883464099552316,0.0,0.04195526499492123,0.06659672032470708,0.003640832500804662,0.4212664746625646,0.37770606652147926,0.26795580110497236
906,0.06464990396368081,0.0,0.05962982364239568,0.06901519119958094,0.007028112449799198,0.4373144752924743,0.3623624934520692,0.06906077348066297
591,0.11682242990654206,0.0,0.0,0.07774001699235344,0.0,0.46219201359388273,0.34324553950722175,0.011049723756906077
185,0.0984304712010512,0.0,0.0506383834752201,0.08366397445610069,0.001981706664612197,0.44059802171745055,0.3246874424855652,0.06906077348066297
978,0.1325451151213441,0.0,0.04755978309183038,0.09320828518090496,0.00493377189083474,0.3909680860520935,0.33078495866299223,0.06906077348066297
62,0.13341366844551558,0.0,0.0,0.08263040110173868,0.0,0.4178860389051472,0.36606989154759856,0.0
480,0.18221511697866707,0.009454557956440273,0.05672734773864164,0.072198442576453,0.003833393498702147,0.35325666546335927,0.3223144757877366,0.1464088397790055
732,0.1550954120990662,0.0,0.0,0.07551766138855055,0.0,0.45107592367032073,0.31831100284206254,0.011049723756906077
780,0.14006089604175728,0.0,0.0,0.08829926054806438,0.0,0.4236624619399739,0.34797738147020446,0.4889502762430939
624,0.082833599378748,0.124250399068122,0.0,0.082833599378748,0.0,0.40113896199145777,0.3089434401829242,0.0
523,0.1262915207924174,0.0,0.0,0.07928443343864743,0.0,0.465972162923747,0.3284518828451883,0.011049723756906077
662,0.10915277898961696,0.07276851932641132,0.0,0.0887793386266469,0.0,0.4264898350929239,0.302809527964401,0.0
746,0.14578111946532998,0.0,0.0,0.08020050125313283,0.0,0.43734335839599,0.3366750208855472,0.011049723756906077
597,0.1697072549851506,0.0,0.0,0.07933814170555792,0.0,0.43487484089944844,0.31607976240984303,0.06906077348066297
246,0.0978302165562075,0.0,0.051340284520241454,0.07343492760352906,0.0028367596774874406,0.44594537549073404,0.32861243615180036,0.1464088397790055
134,0.1493041258338137,0.07782261385160173,0.0,0.0678992011858684,0.004776414395124762,0.3889895412995141,0.3112081034340772,0.1464088397790055
655,0.047890687184929684,0.07181392058017158,0.0,0.08998850269744406,0.0,0.414875740691607,0.3754311488458477,0.011049723756906077
908,0.06623579422226077,0.06276568057603886,0.0,0.07725340504901534,0.0034701136462219136,0.4336340765160059,0.3566409299904572,0.06906077348066297
461,0.15764196942479014,0.008146871804898715,0.038290297483023955,0.06395294366845491,0.005674296212111954,0.3820882876497497,0.3442053337569707,0.1464088397790055
783,0.20609703735508803,0.0,0.0,0.08243881494203521,0.0,0.4018892228424216,0.3095749248604551,0.0
360,0.22374208639495563,0.0,0.0,0.07839448102853559,0.002906952107328401,0.38985363538514994,0.3051028450840304,0.06906077348066297
290,0.10422599337748345,0.0,0.0413658940397351,0.060488410596026485,0.005111754966887417,0.4163907284768212,0.3724172185430464,0.06906077348066297
182,0.08998943397507436,0.0,0.051608030178943484,0.07651244796550978,0.002414485213930179,0.44878023941169726,0.3306953632548449,0.26795580110497236
364,0.18441430737083625,0.02048592616872209,0.0,0.08194370467488836,0.0012291555701233253,0.4606875076822224,0.2512393985332077,0.06906077348066297
818,0.1400523560209424,0.0,0.055846422338568937,0.07940663176265271,0.004799301919720768,0.3795811518324607,0.3403141361256545,0.06906077348066297
856,0.0641025641025641,0.0,0.0592396109637489,0.08001768346595933,0.004862953138815208,0.4328028293545535,0.358974358974359,0.06906077348066297
988,0.14792472732816628,0.007828885290348633,0.05809856978627143,0.06345517551124681,0.004495428343037031,0.38814789176360065,0.3300493219773292,0.011049723756906077
926,0.11531297379250595,0.04864630712583929,0.03790340047649989,0.07706302794022092,0.004505089885206845,0.39406541043967946,0.32250379034004767,0.06906077348066297
4,0.08534960677295973,0.056899737848639824,0.0,0.08251321500709098,0.0,0.42047359147363444,0.354763848897675,0.9861878453038673
645,0.10231066025057442,0.06806260025144145,0.0,0.08323579139029784,0.0,0.42164130576147746,0.3247496423462089,0.24033149171270715
44,0.1917900403768506,0.021310004486316734,0.0,0.10228802153432032,0.0,0.41812471960520414,0.26648721399730824,0.24033149171270715
472,0.20752938590744444,0.010989336117298484,0.05198801317029667,0.08495602152219213,0.0016610804208070401,0.347432088016129,0.2954440748458323,0.1464088397790055
864,0.13546160483175151,0.06255392579810182,0.04874892148403796,0.07722174288179465,0.003451251078515962,0.37489214840379637,0.29767040552200175,0.06906077348066297
762,0.1721419185282523,0.0,0.0,0.08409986859395532,0.0,0.4117389399912396,0.3320192728865528,0.06906077348066297
468,0.20164850734928727,0.010677925032752483,0.05051479919340597,0.08624477911069313,0.0016140094376429714,0.3622280722649111,0.28707190761130713,0.011049723756906077
801,0.13058720420683612,0.0600350569675723,0.04688869412795793,0.0880806310254163,0.0026292725679228747,0.38475021910604734,0.28702892199824714,0.06906077348066297
796,0.0669877408056042,0.10464098073555167,0.0,0.08756567425569177,0.002626970227670753,0.43870402802101577,0.29947460595446584,0.06906077348066297
715,0.1520417028670721,0.0,0.0,0.08818418766290183,0.0,0.42311033883579496,0.3366637706342311,0.011049723756906077
135,0.13469540612516645,0.117676431424767,0.0,0.07648135818908124,0.004285952063914781,0.3922686418109188,0.27459221038615184,0.1464088397790055
430,0.08205171432786126,0.0,0.04236613069774303,0.07172149284555245,0.003152593092112196,0.42062672539144,0.38008134364529117,0.1464088397790055
657,0.08825953072819535,0.13241098148067834,0.0,0.08825953072819535,0.0,0.41783406340807566,0.2732358936548554,0.0
935,0.06856940885393654,0.08124944773349828,0.06326765043739506,0.085623398427145,0.004064681452681806,0.38861889193249094,0.3086065211628523,0.06906077348066297
970,0.15598702664796635,0.0,0.0620617110799439,0.08472124824684432,0.004821178120617111,0.35124474053295934,0.34116409537166903,0.06906077348066297
71,0.1295538187983294,0.1084232725468304,0.0,0.0725716412355787,0.0035562171773559936,0.4329074142993012,0.25298763594260426,0.0
630,0.07572441565263066,0.05077475269193732,0.0,0.08404096997286177,0.0,0.4144270331786746,0.37503282850389563,0.0
464,0.1439432336543335,0.007704004054738976,0.039330968068930564,0.05879371515458692,0.00496705524581855,0.3920932589964521,0.3531677648251394,0.06906077348066297
942,0.11126607103944215,0.04305949008498584,0.03355850947918937,0.0821965569840924,0.0028328611898017,0.40052298975811723,0.3265635214643713,0.06906077348066297
15,0.17194570135746606,0.0,0.0,0.10316742081447963,0.0,0.42171945701357466,0.3031674208144796,0.24033149171270715
393,0.06935978813737441,8.407247046954475e-06,0.06035142292656269,0.06885955693808063,0.0,0.422716381520871,0.3787044432300643,0.03038674033149171
216,0.09836697459881025,0.0,0.05060537146723885,0.08361278496571632,0.0026253463701267276,0.44031298582826894,0.32447653676983895,0.1464088397790055
74,0.15222244773695962,0.03807590826060483,0.0,0.05139029835599756,0.00949868073878628,0.3458899939111021,0.40292267099654966,0.0
668,0.10915277898961696,0.07276851932641132,0.0,0.0887793386266469,0.0,0.4264898350929239,0.302809527964401,0.06906077348066297
972,0.13865600412743453,0.06388924717313728,0.0,0.07988305602132507,0.0036544993335912977,0.4088739842641558,0.305043209080356,0.06906077348066297
760,0.14499572284003423,0.0,0.0,0.07912745936698032,0.0,0.4533789563729683,0.32249786142001713,0.06906077348066297
606,0.062052610776865316,0.09310087391858066,0.0,0.08936805586052435,0.0,0.42677089280224845,0.32870756664178125,0.06906077348066297
919,0.06403396276478132,0.0,0.05908105956750541,0.07995400875602529,0.004908680847300225,0.4331579180117631,0.35886437005262456,0.06906077348066297
406,0.06935978813737441,8.407247046954475e-06,0.06035142292656269,0.06885955693808063,0.0,0.422716381520871,0.3787044432300643,0.06906077348066297
960,0.15694009690836586,0.08018524077012135,0.0,0.08202907250975516,0.0028300673212984006,0.35345825650701085,0.3245572659834484,0.06906077348066297
93,0.19649209894928435,0.049143708116157855,0.0,0.07491519814676925,0.0036816414329444856,0.35248614213617935,0.32328121121866465,0.011049723756906077
530,0.09383765405864854,0.06255843603909902,0.0,0.07892052698682532,0.0,0.4483637909052274,0.3163195920101997,0.011049723756906077
283,0.12393026277188715,0.0,0.040082142408113655,0.07189137085620886,0.003717363061061983,0.400293365743263,0.3600854951594652,0.0
804,0.1206896551724138,0.05560344827586207,0.04310344827586207,0.07413793103448275,0.003879310344827586,0.35560344827586204,0.34698275862068967,0.06906077348066297
825,0.11953226504980512,0.05023819835426591,0.0389779125162408,0.0779558250324816,0.0038977912516240795,0.37678648765699435,0.33261152013858813,0.06906077348066297
543,0.122349171550234,0.08158016779796788,0.0,0.07829166490998778,0.0,0.4208440490745816,0.2969349466672288,0.06906077348066297
321,0.08968312577624116,0.0,0.07331912322513512,0.06494830653553087,0.004263032459467625,0.44203786378436444,0.3257485482192609,0.1464088397790055
652,0.10231066025057442,0.06806260025144145,0.0,0.08323579139029784,0.0,0.42164130576147746,0.3247496423462089,0.06906077348066297
89,0.1295538187983294,0.1084232725468304,0.0,0.0725716412355787,0.0035562171773559936,0.4329074142993012,0.25298763594260426,0.011049723756906077
670,0.082833599378748,0.124250399068122,0.0,0.082833599378748,0.0,0.40113896199145777,0.3089434401829242,0.011049723756906077
798,0.13406593406593406,0.0,0.04395604395604396,0.08615384615384615,0.004395604395604396,0.42153846153846153,0.3098901098901099,0.06906077348066297
342,0.09141918824525357,0.022886702315470644,0.051852419056370204,0.06620552939324714,0.004088126566016224,0.4314866572227114,0.3320613772009308,0.26795580110497236
860,0.06907308377896614,0.0,0.06372549019607843,0.08600713012477719,0.004010695187165776,0.46657754010695185,0.3106060606060606,0.06906077348066297
653,0.05081701493845008,0.07578744469268849,0.0,0.08411092127743462,0.0,0.39856310509484383,0.390721513996583,0.06906077348066297
382,0.07530752440737043,0.054906008358572615,0.050168355865382985,0.07611546335933402,0.0015101267322041928,0.42609262110624185,0.31589990017089387,0.0
409,0.07085037383256704,0.054995300632509465,0.05445339158855556,0.07428387566574374,0.003298024572188212,0.426033649164698,0.316085384543738,0.06906077348066297
755,0.20508613617719443,0.0,0.0,0.08203445447087777,0.0,0.46144380639868743,0.25143560295324036,0.4889502762430939
13,0.08597285067873303,0.08597285067873303,0.0,0.10316742081447963,0.0,0.42171945701357466,0.3031674208144796,0.24033149171270715
453,0.15779108786150264,0.008154578184056984,0.03832651746506782,0.06401343874484733,0.004733732635845079,0.3824497168322725,0.3445309282764076,0.06906077348066297
77,0.1596876926237929,0.03990137661803986,0.0,0.06488596671460858,0.0049722621738237105,0.3501540990343127,0.38039860283542226,0.0
971,0.05773520535362814,0.09032060534488039,0.07037571622271795,0.07824869877093996,0.0024056335564011724,0.37917158728075934,0.3217425534706732,0.06906077348066297
691,0.14505403158769742,0.0,0.0,0.0798004987531172,0.0,0.4389027431421446,0.33624272651704074,0.06906077348066297
689,0.14505403158769742,0.0,0.0,0.0798004987531172,0.0,0.4389027431421446,0.33624272651704074,0.0
868,0.0658070253445976,0.0,0.08092485549132948,0.08048021342819031,0.006669630947087594,0.37305469097376615,0.3930635838150289,0.06906077348066297
200,0.071769210389122,0.017981830146914284,0.07000863196219029,0.052026801815276004,0.002444298204380934,0.4524088302409257,0.33336039724119065,0.06906077348066297
545,0.1010349507974211,0.06735663386494742,0.0,0.07876654224635223,0.0,0.4413810654903291,0.31146080760095013,0.06906077348066297
574,0.12085514834205933,0.0,0.0,0.08333333333333333,0.0,0.4223385689354276,0.37347294938917974,0.9861878453038673
122,0.1401028277634961,0.07836470685794841,0.0,0.0725184509494983,0.0039389667468280945,0.39169914586615806,0.31337590181607095,0.06906077348066297
363,0.20490023353955836,0.0,0.0,0.08194370467488836,0.0012291555701233253,0.4606875076822224,0.2512393985332077,0.06906077348066297
344,0.09170678969665733,0.0,0.05201537036804237,0.06641356682213032,0.0047477172824451795,0.45201788460490866,0.3330986712258162,0.03038674033149171
54,0.058290534051526156,0.08743580107728924,0.0,0.080170362019291,0.0,0.43717900538644616,0.3369242974654474,0.011049723756906077
395,0.07530752440737043,0.054906008358572615,0.050168355865382985,0.07611546335933402,0.0015101267322041928,0.42609262110624185,0.31589990017089387,0.03038674033149171
239,0.08875640553304083,0.0,0.052240680577419034,0.06656730414978063,0.00328231235556151,0.45441604983755907,0.33473724754663897,0.03038674033149171
356,0.20867768595041322,0.0,0.024793388429752067,0.08057851239669421,0.0,0.4256198347107438,0.2603305785123967,0.06906077348066297
528,0.1262915207924174,0.0,0.0,0.07928443343864743,0.0,0.465972162923747,0.3284518828451883,0.06906077348066297
371,0.06352126867306261,0.05081701493845008,0.05213124808341,0.08060629955754152,0.0024970429754238403,0.36491873658387003,0.38550838918824204,0.06906077348066297
420,0.06988149792049604,0.05442286353202267,0.05594755075937895,0.07414215167249719,0.0034220757769552,0.425980670354151,0.31620318998449903,0.1464088397790055
502,0.12622843415592924,0.0,0.0,0.0838611050447696,0.0,0.3988643808691854,0.39104607993011575,0.011049723756906077
40,0.15475113122171946,0.017194570135746608,0.0,0.10316742081447963,0.0,0.42171945701357466,0.3031674208144796,0.24033149171270715
490,0.12622843415592924,0.0,0.0,0.0838611050447696,0.0,0.3988643808691854,0.39104607993011575,0.24033149171270715
256,0.10694001880394967,0.0,0.05031545540017952,0.08017204337671287,0.002701472408819988,0.43751090161109857,0.32236010839923934,0.1464088397790055
73,0.17410897173289636,0.04354772634166325,0.0,0.06202376075378943,0.007619827939369112,0.3834494059811553,0.3292503072511266,0.0
8,0.12036199095022625,0.051583710407239816,0.0,0.10316742081447963,0.0,0.42171945701357466,0.3031674208144796,0.06906077348066297
881,0.060044150110375276,0.08653421633554084,0.04326710816777042,0.08785871964679912,0.0026490066225165563,0.3739514348785872,0.3456953642384106,0.06906077348066297
925,0.05969421670729005,0.0,0.07343230666962108,0.07985818745845336,0.0044316419233325945,0.4258807888322624,0.35670285840904054,0.06906077348066297
496,0.20686088605412858,0.0,0.0,0.08274435442165144,0.0,0.40346491984140664,0.3069298396828133,0.011049723756906077
733,0.11982942430703625,0.0,0.0,0.079317697228145,0.0,0.47078891257995736,0.3300639658848614,0.06906077348066297
985,0.06883869851159571,0.08078054690204223,0.0,0.07597784700588439,0.004889235029421946,0.4281758393907927,0.34133783316026306,0.06906077348066297
156,0.15931843255832956,0.07722796551301433,0.0,0.05961672046745393,0.008989498631144526,0.38601724349282884,0.30883013933722875,0.24309392265193366
123,0.15415052345231228,0.07798202951116973,0.0,0.07010963646855164,0.004162888467562444,0.38170802077322563,0.31188690132717833,0.1464088397790055
369,0.08350730688935282,0.08350730688935282,0.0,0.07933194154488518,0.0,0.4780793319415449,0.2755741127348643,0.06906077348066297
320,0.08968312577624116,0.0,0.07331912322513512,0.06494830653553087,0.004263032459467625,0.44203786378436444,0.3257485482192609,0.06906077348066297
527,0.15529315960912052,0.0,0.0,0.07561074918566775,0.0,0.44975570032573287,0.3193403908794788,0.06906077348066297
125,0.17414464249129277,0.04355664822782217,0.0,0.06289694734685515,0.006760909649661954,0.3491497643925425,0.36349108789182544,0.1464088397790055
265,0.07688571464773385,0.019094721815117816,0.051514780353681046,0.07188924132163689,0.003459096918067129,0.44744411172165044,0.32971233322211285,0.06906077348066297
