,Cement,Blast Furnace Slag,Fly Ash,Water,Superplasticizer,Coarse Aggregate,Fine Aggregate,Age
426,0.1639497716894977,0.259794101279911,0.8200000000000001,0.4039121756487025,0.30217391304347824,0.5994186046511629,0.38283993978926256,0.1464088397790055
240,0.2511415525114155,0.0,0.6398974358974359,0.29740518962075835,0.24347826086956517,0.8267441860465121,0.5156547917711991,0.06906077348066297
590,0.5091324200913241,0.0,0.0,0.4970059880239521,0.0,0.7616279069767442,0.474159558454591,0.06906077348066297
600,0.33789954337899536,0.0,0.0,0.48103792415169666,0.0,0.8691860465116279,0.5669844455594582,0.06906077348066297
448,0.7853881278538812,0.06677796327212021,0.40512820512820513,0.32135728542914177,0.3605590062111801,0.4825581395348837,0.29603612644254906,0.011049723756906077
12,0.7431506849315068,0.13216471897607124,0.0,0.8483033932135728,0.0,0.3808139534883721,0.0,0.7375690607734806
511,0.31415525114155246,1.0,0.0,0.5105788423153692,0.0,0.4087209302325583,0.1763672854992473,0.011049723756906077
948,0.47465753424657525,0.39732888146911527,0.5702564102564103,0.3676646706586826,0.686335403726708,0.3281976744186048,0.14350225790265947,0.06906077348066297
726,0.5228310502283104,0.0,0.0,0.560878243512974,0.0,0.5145348837209305,0.5795283492222778,0.4889502762430939
781,0.4566210045662101,0.0,0.0,0.6487025948103793,0.0,0.5029069767441863,0.5594581033617663,0.06906077348066297
792,0.0958904109589041,0.0,0.8974358974358975,0.2894211576846306,0.5590062111801242,0.41279069767441845,0.6271951831409937,0.06906077348066297
811,0.4223744292237443,0.33667223149693937,0.48205128205128206,0.5289421157684631,0.2795031055900621,0.29941860465116266,0.2558956347215253,0.06906077348066297
814,0.0684931506849315,0.5759599332220368,0.8256410256410256,0.45708582834331324,0.15527950310559005,0.19186046511627897,0.35624686402408434,0.06906077348066297
711,1.0,0.0,0.0,0.40918163672654684,0.0,0.941860465116279,0.04766683391871562,0.06906077348066297
354,0.8515981735159817,0.0,0.30256410256410254,0.16167664670658688,0.05900621118012422,0.8633720930232558,0.11791269443050689,0.06906077348066297
885,0.10730593607305933,0.4257095158597663,0.9948717948717949,0.560878243512974,0.24844720496894407,0.3895348837209305,0.07275464124435538,0.06906077348066297
428,0.33789954337899536,0.0,0.4907179487179487,0.5596007984031937,0.16552795031055897,0.4299418604651164,0.6603110888108381,0.1464088397790055
901,0.11666666666666664,0.4034501947690596,0.5794871794871795,0.4530938123752495,0.24844720496894407,0.5840116279069769,0.23758153537380844,0.06906077348066297
39,0.3093607305936073,0.6608235948803562,0.0,0.8483033932135728,0.0,0.3808139534883721,0.0,0.4889502762430939
752,0.4566210045662101,0.0,0.0,0.6487025948103793,0.0,0.5029069767441863,0.5594581033617663,0.4889502762430939
174,0.20246575342465756,0.0,0.6430769230769231,0.3224750499001994,0.24130434782608692,0.8401162790697674,0.52686904164576,0.03038674033149171
588,0.28082191780821913,0.0,0.0,0.4730538922155687,0.0,0.9069767441860463,0.5995985950827898,0.06906077348066297
646,0.014383561643835613,0.45186421814134675,0.0,0.652694610778443,0.0,0.3988372093023256,0.6397390868038133,0.0
190,0.20168949771689498,0.0,0.641948717948718,0.3201596806387226,0.306832298136646,0.8345930232558136,0.5233065730055195,0.06906077348066297
507,0.5273972602739725,0.0,0.0,0.560878243512974,0.0,0.37848837209302344,0.6236828901154039,0.24033149171270715
143,0.7374429223744292,0.29577072899276574,0.0,0.2534930139720559,0.5124223602484471,0.14854651162790722,0.7353236327145007,0.24309392265193366
931,0.10525114155251142,0.0,0.9338461538461538,0.4762475049900199,0.4658385093167701,0.11017441860465116,0.7282990466633217,0.06906077348066297
584,0.3059360730593607,0.0,0.0,0.5688622754491017,0.0,0.48546511627906996,0.7300551931761163,0.011049723756906077
850,0.10730593607305933,0.3283249860879244,0.4717948717948718,0.4890219560878244,0.21739130434782605,0.44186046511627897,0.46663321625689913,0.06906077348066297
140,0.5385844748858446,0.5258764607679466,0.0,0.42435129740518973,0.29503105590062106,0.417732558139535,0.4059207225288508,0.1464088397790055
248,0.3410273972602739,0.0,0.6065128205128205,0.5325349301397204,0.17857142857142855,0.6610465116279074,0.41076266934269956,0.0
491,0.42694063926940634,0.0,0.0,0.560878243512974,0.0,0.3261627906976745,0.7558956347215251,0.0
203,0.2550684931506849,0.2728158041179744,0.1256923076923077,0.47872255489021964,0.21304347826086956,0.769767441860465,0.4801304565980933,0.0
339,0.2577625570776256,0.1496939343350028,0.6250769230769231,0.27049900199600785,0.29844720496894406,0.6200581395348834,0.46808830908178645,0.03038674033149171
497,0.8630136986301369,0.0,0.0,0.560878243512974,0.0,0.3930232558139535,0.2965378825890619,0.24033149171270715
538,0.4296803652968036,0.5383973288814692,0.0,0.5105788423153692,0.0,0.5732558139534887,0.2767185148018063,0.011049723756906077
604,0.3383561643835616,0.4641068447412355,0.0,0.652694610778443,0.0,0.5133720930232557,0.25112895132965396,0.24033149171270715
358,0.9452054794520546,0.0,0.0,0.32135728542914177,0.2546583850931676,0.0,0.5218263923733064,0.06906077348066297
94,0.8378995433789953,0.3260990539788537,0.0,0.12814371257485035,1.0,0.14854651162790722,0.6184144505770195,0.011049723756906077
315,0.4455707762557078,0.0,0.6027692307692308,0.42355289421157694,0.29565217391304344,0.644767441860465,0.4000250878073257,0.06906077348066297
57,0.22054794520547943,0.3683917640511965,0.0,0.560878243512974,0.0,0.5156976744186048,0.5807827395885601,0.0
951,0.621689497716895,0.0,0.0,0.5465069860279439,0.20807453416149066,0.6168604651162792,0.342197691921726,0.06906077348066297
217,0.2915068493150685,0.0,0.605948717948718,0.5866666666666664,0.19037267080745338,0.660174418604651,0.41051179126944315,0.26795580110497236
524,0.35045662100456615,0.47384529771841966,0.0,0.5105788423153692,0.0,0.655813953488372,0.3268941294530858,0.06906077348066297
483,0.228310502283105,0.030606566499721762,0.7230769230769231,0.6726546906187625,0.053416149068322975,0.4098837209302326,0.5193176116407427,0.011049723756906077
197,0.146324200913242,0.0,0.8372820512820514,0.436806387225549,0.13944099378881986,0.7488372093023252,0.46685900652282997,0.26795580110497236
163,0.3009360730593607,0.0,0.485025641025641,0.6079041916167662,0.14183229813664594,0.4245348837209302,0.6476668339187153,0.0
649,0.2511415525114155,0.3931552587646078,0.0,0.652694610778443,0.0,0.5011627906976743,0.39136979427997987,0.0
664,0.11643835616438353,0.2838063439065109,0.0,0.560878243512974,0.0,0.2529069767441863,0.8758153537380833,0.24033149171270715
264,0.18273972602739724,0.12579298831385644,0.6254871794871795,0.3869061876247506,0.2543478260869565,0.7511627906976748,0.4682639237330657,0.03038674033149171
835,0.07077625570776253,0.5843071786310519,0.0,0.5928143712574849,0.09316770186335402,0.43023255813953476,0.5042649272453588,0.06906077348066297
249,0.3410273972602739,0.0,0.6065128205128205,0.5325349301397204,0.17857142857142855,0.6610465116279074,0.41076266934269956,0.03038674033149171
152,0.5949771689497718,0.5258764607679466,0.0,0.3445109780439122,0.3602484472049689,0.417732558139535,0.4059207225288508,0.24309392265193366
408,0.17358447488584472,0.3611574846967168,0.6082051282051282,0.46459081836327343,0.11086956521739129,0.5997093023255813,0.38334169593577516,0.06906077348066297
142,0.4824200913242009,0.7295492487479133,0.0,0.4291417165668663,0.26708074534161486,0.714825581395349,0.04465629703963869,0.24309392265193366
513,0.1824200913242009,0.7590428491930997,0.0,0.5105788423153692,0.0,0.6145348837209301,0.30180632212744607,0.06906077348066297
658,0.07077625570776253,0.5564830272676684,0.0,0.560878243512974,0.0,0.3674418604651164,0.6151530356246864,0.0
703,0.40867579908675794,0.0,0.0,0.5049900199600799,0.0,0.8808139534883721,0.45158053186151537,0.06906077348066297
318,0.25511415525114156,0.0,0.8961025641025642,0.2637924151696607,0.31552795031055897,0.7340116279069768,0.4574761665830407,0.0
116,0.5949771689497718,0.5258764607679466,0.0,0.3445109780439122,0.3602484472049689,0.417732558139535,0.4059207225288508,0.06906077348066297
834,0.4429223744292237,0.0,0.5487179487179488,0.7924151696606785,0.3416149068322981,0.05232558139534893,0.46161565479177114,0.06906077348066297
399,0.14840182648401828,0.209794101279911,0.8564102564102564,0.3375648702594809,0.24565217391304345,0.5997093023255813,0.4417962870045158,0.03038674033149171
547,0.5415525114155251,0.0,0.0,0.5105788423153692,0.0,0.7796511627906977,0.40215755143000487,0.06906077348066297
684,0.5228310502283104,0.0,0.0,0.560878243512974,0.0,0.6511627906976742,0.5694932262920223,0.0
902,0.08652968036529679,0.36894824707846413,0.5297435897435897,0.6271457085828342,0.22981366459627328,0.3343023255813953,0.3998996487706974,0.06906077348066297
567,0.3059360730593607,0.0,0.0,0.5688622754491017,0.0,0.48546511627906996,0.7300551931761163,0.4889502762430939
536,0.2089041095890411,0.8074568725653868,0.0,0.5105788423153692,0.0,0.5732558139534887,0.2767185148018063,0.011049723756906077
167,0.3009360730593607,0.0,0.485025641025641,0.6079041916167662,0.14183229813664594,0.4245348837209302,0.6476668339187153,0.26795580110497236
714,1.0,0.0,0.0,0.40918163672654684,0.0,0.941860465116279,0.04766683391871562,0.7375690607734806
30,0.4611872146118721,0.211463550361714,0.0,0.8483033932135728,0.0,0.3808139534883721,0.19066733567486205,1.0
625,0.2054794520547945,0.8013355592654425,0.0,0.560878243512974,0.0,0.37441860465116283,0.30632212744606124,0.06906077348066297
808,0.1324200913242009,0.5230940456316083,0.7487179487179487,0.6487025948103793,0.3416149068322981,0.08139534883720945,0.29101856497742107,0.06906077348066297
37,0.5262557077625571,0.3964941569282137,0.0,0.8483033932135728,0.0,0.3808139534883721,0.0,0.24033149171270715
100,0.6335616438356164,0.4207011686143573,0.0,0.2566866267465071,0.49378881987577633,0.9688953488372092,0.027596588058203864,0.011049723756906077
442,0.2545662100456621,0.0,0.8935384615384616,0.2990818363273453,0.36211180124223596,0.7052325581395347,0.44631209232313096,0.26795580110497236
245,0.29623287671232873,0.0,0.6236923076923078,0.41684630738522954,0.208695652173913,0.7424418604651164,0.4627446061214251,0.06906077348066297
80,0.6844748858447489,0.263494713411241,0.0,0.20479041916167673,0.3540372670807453,0.4238372093023255,0.6475163070747618,0.0
849,0.39041095890410954,0.0,0.46153846153846156,0.6167664670658681,0.3416149068322981,0.3779069767441863,0.4214751630707476,0.06906077348066297
84,0.4207762557077626,0.5589872008903729,0.0,0.1832335329341317,0.3478260869565217,0.5918604651162793,0.5260913196186656,0.0
415,0.33789954337899536,0.0,0.4907179487179487,0.5596007984031937,0.16552795031055897,0.4299418604651164,0.6603110888108381,0.06906077348066297
326,0.2545662100456621,0.0,0.8935384615384616,0.2623552894211578,0.36211180124223596,0.7305232558139534,0.45529352734571016,0.1464088397790055
626,0.11643835616438353,0.2838063439065109,0.0,0.560878243512974,0.0,0.2529069767441863,0.8758153537380833,0.0
693,0.5639269406392693,0.0,0.0,0.560878243512974,0.0,0.7412790697674421,0.5393878575012543,0.32320441988950277
242,0.2511415525114155,0.0,0.6398974358974359,0.29740518962075835,0.24347826086956517,0.8267441860465121,0.5156547917711991,0.26795580110497236
729,0.5228310502283104,0.0,0.0,0.560878243512974,0.0,0.5145348837209305,0.5795283492222778,0.0
157,0.5385844748858446,0.5258764607679466,0.0,0.42435129740518973,0.29503105590062106,0.417732558139535,0.4059207225288508,0.24309392265193366
968,0.42305936073059364,0.3352810239287702,0.4815384615384616,0.5257485029940119,0.28571428571428564,0.300581395348837,0.2556447566482689,0.06906077348066297
633,0.186986301369863,0.34112409571508073,0.0,0.652694610778443,0.0,0.4598837209302329,0.5168088309081786,0.24033149171270715
778,0.5022831050228309,0.0,0.0,0.6487025948103793,0.0,0.5029069767441863,0.5168088309081786,0.03038674033149171
663,0.04703196347031963,0.5116861435726211,0.0,0.652694610778443,0.0,0.4569767441860466,0.5170597089814353,0.0
807,0.1232876712328767,0.6761268781302171,0.0,0.46506986027944097,0.3416149068322981,0.6424418604651163,0.2609131961866533,0.06906077348066297
709,1.0,0.0,0.0,0.40918163672654684,0.0,0.941860465116279,0.04766683391871562,0.011049723756906077
598,0.6803652968036529,0.0,0.0,0.5209580838323353,0.0,0.6511627906976742,0.37882589061716,0.011049723756906077
35,0.3093607305936073,0.6608235948803562,0.0,0.8483033932135728,0.0,0.3808139534883721,0.0,0.7375690607734806
585,0.2237442922374429,0.0,0.0,0.46506986027944097,0.0,0.941860465116279,0.6297039638735573,0.011049723756906077
800,0.091324200913242,0.4646633277685031,0.6666666666666666,0.41716566866267457,0.3416149068322981,0.2383720930232558,0.479177119919719,0.06906077348066297
293,0.33584474885844745,0.0,0.5064102564102564,0.2902994011976048,0.39751552795031053,0.5429069767441859,0.7401154039136981,0.0
413,0.1639497716894977,0.259794101279911,0.8200000000000001,0.4039121756487025,0.30217391304347824,0.5994186046511629,0.38283993978926256,0.06906077348066297
260,0.18123287671232874,0.0,0.8564615384615384,0.3819560878243513,0.23478260869565212,0.7401162790697673,0.4611138986452583,0.06906077348066297
740,0.4429223744292237,0.0,0.0,0.560878243512974,0.0,0.8255813953488373,0.4290015052684395,0.06906077348066297
614,0.2237442922374429,0.3700612131329995,0.0,0.560878243512974,0.0,0.4779069767441859,0.5323632714500752,0.0
569,0.39954337899543374,0.0,0.0,0.5528942115768463,0.0,0.48546511627906996,0.6573005519317612,0.03038674033149171
99,0.5061643835616438,0.7868670005564832,0.0,0.49540918163672654,0.3198757763975155,0.4119186046511629,0.16532865027596588,0.011049723756906077
78,0.9801369863013696,0.0,0.0,0.1600798403193613,0.8757763975155278,0.14854651162790722,0.751881585549423,0.0
132,0.4949771689497717,0.5912632164718977,0.0,0.27105788423153676,0.4440993788819875,0.14854651162790722,0.7185148018063219,0.1464088397790055
87,0.5385844748858446,0.5258764607679466,0.0,0.42435129740518973,0.29503105590062106,0.417732558139535,0.4059207225288508,0.0
292,0.34203196347031967,0.0,0.5125128205128205,0.19473053892215564,0.3835403726708074,0.5959302325581395,0.7670847967887606,0.26795580110497236
335,0.26536529680365295,0.15203116304952702,0.6347692307692308,0.15169660678642716,0.3698757763975155,0.7985465116279071,0.4984194681384846,0.06906077348066297
237,0.25244292237442917,0.0,0.5148205128205128,0.30019960079840313,0.3220496894409937,0.5895348837209302,0.7771951831409936,0.26795580110497236
621,0.07077625570776253,0.5564830272676684,0.0,0.560878243512974,0.0,0.3674418604651164,0.6151530356246864,0.06906077348066297
108,0.7374429223744292,0.29577072899276574,0.0,0.23672654690618766,0.577639751552795,0.3924418604651163,0.5260913196186656,0.06906077348066297
495,0.8630136986301369,0.0,0.0,0.560878243512974,0.0,0.3930232558139535,0.2965378825890619,0.06906077348066297
619,0.08972602739726032,0.5898720089037285,0.0,0.652694610778443,0.0,0.49651162790697656,0.3876066231811339,0.011049723756906077
175,0.20246575342465756,0.0,0.6430769230769231,0.3224750499001994,0.24130434782608692,0.8401162790697674,0.52686904164576,0.06906077348066297
810,0.4931506849315069,0.0,0.6461538461538462,0.7045908183632734,0.18633540372670804,0.17441860465116266,0.35875564475664823,0.06906077348066297
484,0.228310502283105,0.030606566499721762,0.7230769230769231,0.6726546906187625,0.053416149068322975,0.4098837209302326,0.5193176116407427,0.1464088397790055
577,0.34703196347031967,0.0,0.0,0.6087824351297404,0.0,0.48546511627906996,0.674862017059709,0.4889502762430939
824,0.1461187214611872,0.7234279354479689,0.0,0.4890219560878244,0.4037267080745341,0.16860465116279055,0.584545910687406,0.06906077348066297
161,0.27479452054794523,0.0,0.49574358974358973,0.5392415169660678,0.13850931677018632,0.48279069767441873,0.6932262920220775,0.1464088397790055
387,0.1639497716894977,0.259794101279911,0.8200000000000001,0.4039121756487025,0.30217391304347824,0.5994186046511629,0.38283993978926256,0.0
939,0.4810502283105022,0.0,0.0,0.4499001996007983,0.24844720496894407,0.5776162790697676,0.5725037631710992,0.06906077348066297
884,0.12557077625570773,0.5954368391764052,0.7794871794871795,0.6247504990019959,0.2795031055900621,0.05232558139534893,0.2759658805820371,0.06906077348066297
254,0.3410273972602739,0.0,0.6065128205128205,0.5325349301397204,0.19720496894409933,0.6610465116279074,0.41076266934269956,0.03038674033149171
482,0.228310502283105,0.030606566499721762,0.7230769230769231,0.6726546906187625,0.053416149068322975,0.4098837209302326,0.5193176116407427,0.0
751,0.4566210045662101,0.0,0.0,0.6487025948103793,0.0,0.5029069767441863,0.5594581033617663,0.03038674033149171
566,0.3059360730593607,0.0,0.0,0.5768463073852295,0.0,0.48546511627906996,0.7300551931761163,0.24033149171270715
7,0.634703196347032,0.2643294379521425,0.0,0.8483033932135728,0.0,0.3808139534883721,0.0,0.06906077348066297
141,0.6210045662100456,0.5264329437952143,0.0,0.38602794411177643,0.31366459627329185,0.3636627906976746,0.40817862518815873,0.24309392265193366
858,0.0958904109589041,0.47301057317751816,0.6820512820512821,0.560878243512974,0.24844720496894407,0.03779069767441845,0.5293527345709987,0.06906077348066297
452,0.6506849315068493,0.05564830272676684,0.48205128205128206,0.2814371257485029,0.43260869565217386,0.3982558139534884,0.6297039638735573,0.06906077348066297
183,0.29216894977168945,0.0,0.6067179487179487,0.5885828343313373,0.14378881987577638,0.6639534883720932,0.4129202207727045,0.0
697,0.4429223744292237,0.0,0.0,0.5129740518962076,0.0,0.8401162790697674,0.4390366281986955,0.06906077348066297
102,0.7694063926940637,0.4924874791318865,0.0,0.5129740518962076,0.34472049689440987,0.2438953488372091,0.28575012543903666,0.011049723756906077
322,0.25511415525114156,0.0,0.8961025641025642,0.2637924151696607,0.31552795031055897,0.7340116279069768,0.4574761665830407,0.26795580110497236
682,0.4748858447488585,0.0,0.0,0.560878243512974,0.0,0.6133720930232558,0.5920722528850979,0.24033149171270715
56,0.8515981735159817,0.0,0.0,0.8483033932135728,0.0,0.3808139534883721,0.0,1.0
573,0.39954337899543374,0.0,0.0,0.5528942115768463,0.0,0.48546511627906996,0.6573005519317612,0.4889502762430939
33,0.8515981735159817,0.0,0.0,0.8483033932135728,0.0,0.3808139534883721,0.0,0.7375690607734806
126,0.7374429223744292,0.29577072899276574,0.0,0.23672654690618766,0.577639751552795,0.3924418604651163,0.5260913196186656,0.1464088397790055
920,0.1095890410958904,0.6588759042849194,0.0,0.4155688622754492,0.3695652173913043,0.779941860465116,0.2027094831911691,0.06906077348066297
60,0.4611872146118721,0.211463550361714,0.0,0.8483033932135728,0.0,0.3808139534883721,0.19066733567486205,0.7375690607734806
723,0.6461187214611872,0.0,0.0,0.5129740518962076,0.0,0.47965116279069786,0.4239839438033117,0.011049723756906077
673,0.08972602739726032,0.5898720089037285,0.0,0.652694610778443,0.0,0.49651162790697656,0.3876066231811339,0.24033149171270715
184,0.29216894977168945,0.0,0.6067179487179487,0.5885828343313373,0.14378881987577638,0.6639534883720932,0.4129202207727045,0.03038674033149171
309,0.3951369863013698,0.0,0.6223076923076922,0.3012375249500996,0.3074534161490683,0.7343023255813952,0.4603612644254893,0.03038674033149171
722,0.6461187214611872,0.0,0.0,0.5129740518962076,0.0,0.47965116279069786,0.4239839438033117,0.0
833,0.1004566210045662,0.6399554813578187,0.0,0.6407185628742513,0.09316770186335402,0.07558139534883734,0.6974410436527847,0.06906077348066297
678,0.2317351598173516,0.8494713411240958,0.0,0.652694610778443,0.0,0.4720930232558138,0.09031610637230303,0.24033149171270715
262,0.18123287671232874,0.0,0.8564615384615384,0.3819560878243513,0.23478260869565212,0.7401162790697673,0.4611138986452583,0.26795580110497236
809,0.44748858447488576,0.0,0.5487179487179488,0.5129740518962076,0.18633540372670804,0.2267441860465116,0.554440541896638,0.06906077348066297
950,0.4602739726027398,0.38925987757373404,0.0,0.7325349301397206,0.19254658385093165,0.27470930232558155,0.32237832413447065,0.06906077348066297
637,0.2511415525114155,0.3931552587646078,0.0,0.652694610778443,0.0,0.5011627906976743,0.39136979427997987,0.06906077348066297
769,0.4748858447488585,0.0,0.0,0.560878243512974,0.0,0.49127906976744207,0.6422478675363774,0.24033149171270715
20,0.7431506849315068,0.13216471897607124,0.0,0.8483033932135728,0.0,0.3808139534883721,0.0,0.4889502762430939
220,0.3106164383561644,0.0,0.4826153846153846,0.5182435129740519,0.21739130434782605,0.43287790697674433,0.6347466131460109,0.06906077348066297
922,0.5216894977168949,0.4718976071229828,0.0,0.5840319361277444,0.2515527950310559,0.029069767441860517,0.5225790265930759,0.06906077348066297
617,0.014383561643835613,0.45186421814134675,0.0,0.652694610778443,0.0,0.3988372093023256,0.6397390868038133,0.24033149171270715
991,0.5949771689497718,0.5258764607679466,0.0,0.3445109780439122,0.3602484472049689,0.417732558139535,0.4059207225288508,0.011049723756906077
302,0.3431735159817351,0.0,0.5064102564102564,0.1956087824351298,0.44006211180124216,0.5429069767441859,0.7401154039136981,0.26795580110497236
159,0.27479452054794523,0.0,0.49574358974358973,0.5392415169660678,0.13850931677018632,0.48279069767441873,0.6932262920220775,0.03038674033149171
47,0.634703196347032,0.2643294379521425,0.0,0.8483033932135728,0.0,0.3808139534883721,0.0,0.4889502762430939
398,0.16333333333333333,0.139259877573734,0.8898974358974359,0.3434730538922157,0.20093167701863351,0.5965116279069771,0.5005017561465128,0.03038674033149171
688,0.5228310502283104,0.0,0.0,0.560878243512974,0.0,0.6511627906976742,0.5694932262920223,0.32320441988950277
278,0.3996575342465753,0.0,0.49943589743589745,0.31017964071856285,0.367391304347826,0.5026162790697675,0.7064977420973408,0.0
166,0.3009360730593607,0.0,0.485025641025641,0.6079041916167662,0.14183229813664594,0.4245348837209302,0.6476668339187153,0.1464088397790055
910,0.12876712328767126,0.0,0.9994871794871795,0.7820359281437124,0.3416149068322981,0.2811046511627908,0.29829402910185654,0.06906077348066297
728,0.5639269406392693,0.0,0.0,0.560878243512974,0.0,0.7151162790697674,0.5318615153035624,0.0
559,0.5410958904109588,0.0,0.0,0.6007984031936127,0.0,0.48546511627906996,0.46914199698946324,0.06906077348066297
169,0.21159817351598176,0.0,0.5154871794871795,0.35025948103792426,0.23229813664596272,0.5970930232558138,0.7824887104867033,0.03038674033149171
761,0.6643835616438356,0.0,0.0,0.560878243512974,0.0,0.4040697674418605,0.41144004014049185,0.0
770,0.4748858447488585,0.0,0.0,0.560878243512974,0.0,0.49127906976744207,0.6422478675363774,0.4889502762430939
748,0.5639269406392693,0.0,0.0,0.560878243512974,0.0,0.7151162790697674,0.5318615153035624,0.24033149171270715
378,0.3949771689497717,0.5008347245409016,0.6153846153846154,0.32135728542914177,0.3214285714285714,0.08430232558139528,0.4290015052684395,0.06906077348066297
351,0.6255707762557077,0.0,0.0,0.7413173652694609,0.0,0.5886627906976742,0.42237832413447074,0.1464088397790055
147,0.8378995433789953,0.3260990539788537,0.0,0.12814371257485035,1.0,0.14854651162790722,0.6184144505770195,0.24309392265193366
580,0.4680365296803653,0.0,0.0,0.5688622754491017,0.0,0.48546511627906996,0.5469141996989462,1.0
475,0.7351598173515981,0.061213132999443524,0.676923076923077,0.36926147704590817,0.27701863354037265,0.06104651162790686,0.39136979427997987,0.06906077348066297
115,0.6844748858447489,0.263494713411241,0.0,0.20479041916167673,0.3540372670807453,0.4238372093023255,0.6475163070747618,0.06906077348066297
685,0.5228310502283104,0.0,0.0,0.560878243512974,0.0,0.6511627906976742,0.5694932262920223,0.011049723756906077
24,0.634703196347032,0.0,0.0,0.8483033932135728,0.0,0.3808139534883721,0.19066733567486205,1.0
555,0.3899543378995434,0.5061213132999445,0.0,0.5105788423153692,0.0,0.6145348837209301,0.30180632212744607,0.06906077348066297
829,0.36301369863013694,0.2782415136338342,0.4,0.6327345309381236,0.2795031055900621,0.18313953488372103,0.41896638233818373,0.06906077348066297
65,0.547945205479452,0.105731775180857,0.0,0.8483033932135728,0.0,0.3808139534883721,0.19066733567486205,0.7375690607734806
957,0.09109589041095889,0.46355036171396774,0.665128205128205,0.4131736526946108,0.3385093167701863,0.23720930232558146,0.479929754139488,0.06906077348066297
76,0.8378995433789953,0.3260990539788537,0.0,0.12814371257485035,1.0,0.14854651162790722,0.6184144505770195,0.0
946,0.10159817351598172,0.31886477462437396,0.45794871794871794,0.6399201596806388,0.27329192546583847,0.17151162790697683,0.5908178625188161,0.06906077348066297
276,0.43002283105022837,0.0,0.49323076923076925,0.36990019960079845,0.29223602484472044,0.4656395348837208,0.6798795785248368,0.1464088397790055
383,0.14920091324200913,0.36143572621035064,0.6595897435897436,0.42882235528942125,0.2419254658385093,0.5968023255813955,0.38283993978926256,0.0
272,0.15269406392694063,0.11747356705620479,0.6371794871794871,0.2920558882235529,0.33633540372670806,0.8133720930232555,0.5071500250878074,0.26795580110497236
790,0.1141552511415525,0.4952698942682249,0.7128205128205128,0.36926147704590817,0.5590062111801242,0.4156976744186047,0.25338685398896144,0.06906077348066297
311,0.3951369863013698,0.0,0.6223076923076922,0.3012375249500996,0.3074534161490683,0.7343023255813952,0.4603612644254893,0.1464088397790055
467,0.8881278538812785,0.07234279354479689,0.6307692307692307,0.7045908183632734,0.12204968944099377,0.23546511627906996,0.2634219769192172,0.0
28,0.7431506849315068,0.13216471897607124,0.0,0.8483033932135728,0.0,0.3808139534883721,0.0,0.06906077348066297
202,0.15057077625570775,0.11708402893711743,0.8401538461538463,0.0,0.177639751552795,0.7491279069767445,0.46690918213748134,0.26795580110497236
164,0.3009360730593607,0.0,0.485025641025641,0.6079041916167662,0.14183229813664594,0.4245348837209302,0.6476668339187153,0.03038674033149171
69,0.8744292237442921,0.0,0.0,0.1936127744510978,0.0,0.9273255813953489,0.5168088309081786,0.06906077348066297
915,0.3605022831050228,0.2799109627156372,0.4020512820512821,0.3900199600798402,0.3229813664596273,0.3915697674418608,0.4237330657300551,0.06906077348066297
622,0.3383561643835616,0.4641068447412355,0.0,0.652694610778443,0.0,0.5133720930232557,0.25112895132965396,0.011049723756906077
97,0.4949771689497717,0.5912632164718977,0.0,0.27105788423153676,0.4440993788819875,0.14854651162790722,0.7185148018063219,0.011049723756906077
581,0.4680365296803653,0.0,0.0,0.5688622754491017,0.0,0.48546511627906996,0.5469141996989462,0.0
130,0.6543378995433791,0.27017250973845297,0.0,0.28862275449101804,0.3757763975155279,0.14854651162790722,0.8321625689914705,0.1464088397790055
734,0.5410958904109588,0.0,0.0,0.5049900199600799,0.0,0.7790697674418605,0.40140491721023586,0.011049723756906077
994,0.7853881278538812,0.06677796327212021,0.40512820512820513,0.32135728542914177,0.36149068322981365,0.4825581395348837,0.29603612644254906,0.06906077348066297
419,0.14383561643835613,5.564830272676684e-05,0.7362564102564102,0.335808383233533,0.0,0.5947674418604652,0.7699448068238837,0.1464088397790055
367,0.5296803652968036,0.048970506399554824,0.8102564102564103,0.5369261477045908,0.47515527950310554,0.4825581395348837,0.09784244856999513,0.06906077348066297
96,0.9801369863013696,0.0,0.0,0.1600798403193613,0.8757763975155278,0.14854651162790722,0.751881585549423,0.011049723756906077
894,0.4824200913242009,0.0,0.5794871794871795,0.4530938123752495,0.24844720496894407,0.5840116279069769,0.23758153537380844,0.06906077348066297
273,0.43002283105022837,0.0,0.49323076923076925,0.36990019960079845,0.29223602484472044,0.4656395348837208,0.6798795785248368,0.0
830,0.30821917808219174,0.2559821925431275,0.3641025641025641,1.0,0.18633540372670804,0.1511627906976747,0.25338685398896144,0.06906077348066297
224,0.33789954337899536,0.0,0.4907179487179487,0.5243113772455088,0.1717391304347826,0.4530813953488373,0.6702709483191167,0.03038674033149171
562,0.5410958904109588,0.0,0.0,0.6007984031936127,0.0,0.48546511627906996,0.46914199698946324,1.0
303,0.330662100456621,0.0,0.6414358974358975,0.172055888223553,0.37236024844720494,0.8308139534883718,0.5190416457601608,0.0
492,0.6643835616438356,0.0,0.0,0.560878243512974,0.0,0.405813953488372,0.4806823883592575,0.0
650,0.2511415525114155,0.3931552587646078,0.0,0.652694610778443,0.0,0.5011627906976743,0.39136979427997987,0.24033149171270715
151,0.6844748858447489,0.263494713411241,0.0,0.20479041916167673,0.3540372670807453,0.4238372093023255,0.6475163070747618,0.24309392265193366
572,0.39954337899543374,0.0,0.0,0.5528942115768463,0.0,0.48546511627906996,0.6573005519317612,0.24033149171270715
463,0.5776255707762556,0.0528658875904285,0.49743589743589745,0.18562874251497008,0.40776397515527946,0.4825581395348837,0.6949322629202206,0.06906077348066297
848,0.11187214611872148,0.0,0.9487179487179487,0.36127744510978044,0.49689440993788814,0.7936046511627906,0.2107375815353738,0.06906077348066297
742,0.5228310502283104,0.0,0.0,0.560878243512974,0.0,0.2267441860465116,0.5795283492222778,0.0
402,0.33789954337899536,0.0,0.4907179487179487,0.5596007984031937,0.16552795031055897,0.4299418604651164,0.6603110888108381,0.03038674033149171
110,0.8515981735159817,0.330550918196995,0.0,0.4738522954091815,0.2763975155279503,0.14854651162790722,0.47039638735574507,0.06906077348066297
429,0.2545662100456621,0.0,0.8935384615384616,0.2990818363273453,0.36211180124223596,0.7052325581395347,0.44631209232313096,0.1464088397790055
21,0.08584474885844745,0.5826377295492489,0.0,0.560878243512974,0.0,0.7151162790697674,0.5341194179628699,0.06906077348066297
170,0.21159817351598176,0.0,0.5154871794871795,0.35025948103792426,0.23229813664596272,0.5970930232558138,0.7824887104867033,0.06906077348066297
887,0.13013698630136988,0.5815247634947135,0.8256410256410256,0.6327345309381236,0.21739130434782605,0.1366279069767442,0.18815855494229816,0.06906077348066297
909,0.36506849315068485,0.3074568725653868,0.4415384615384615,0.5880239520958084,0.15527950310559005,0.2738372093023256,0.3477170095333668,0.06906077348066297
823,0.1324200913242009,0.6956037840845855,0.0,0.36926147704590817,0.3726708074534161,0.7209302325581395,0.23582538886101356,0.06906077348066297
72,0.7374429223744292,0.29577072899276574,0.0,0.2534930139720559,0.5124223602484471,0.14854651162790722,0.7353236327145007,0.0
944,0.136986301369863,0.5289371174179188,0.7594871794871795,0.45548902195608787,0.5838509316770186,0.1078488372093025,0.36979427997992964,0.06906077348066297
215,0.2915068493150685,0.0,0.605948717948718,0.5866666666666664,0.19037267080745338,0.660174418604651,0.41051179126944315,0.06906077348066297
730,0.639269406392694,0.0,0.0,0.5129740518962076,0.0,0.7151162790697674,0.3637732062217762,0.011049723756906077
916,0.48150684931506843,0.4465776293823039,0.0,0.44590818363273454,0.29813664596273287,0.3360465116279072,0.4152032112393378,0.06906077348066297
634,0.14794520547945206,0.6961602671118531,0.0,0.652694610778443,0.0,0.507558139534884,0.24736578023080802,0.011049723756906077
105,0.6210045662100456,0.5264329437952143,0.0,0.38602794411177643,0.31366459627329185,0.3636627906976746,0.40817862518815873,0.06906077348066297
10,0.22054794520547943,0.3683917640511965,0.0,0.560878243512974,0.0,0.5156976744186048,0.5807827395885601,0.24033149171270715
802,0.49999999999999994,0.45631608235948806,0.0,0.5449101796407185,0.15527950310559005,0.20058139534883734,0.45158053186151537,0.06906077348066297
525,0.2317351598173516,0.377573734001113,0.0,0.5105788423153692,0.0,0.8000000000000003,0.41470145509282474,0.011049723756906077
961,0.4059360730593607,0.35865331107401227,0.5148717948717949,0.4043912175648703,0.29503105590062106,0.07005813953488405,0.5291018564977421,0.06906077348066297
91,0.7374429223744292,0.29577072899276574,0.0,0.23672654690618766,0.577639751552795,0.3924418604651163,0.5260913196186656,0.011049723756906077
853,0.48173515981735154,0.44796883695047307,0.0,0.4491017964071855,0.3105590062111801,0.33720930232558155,0.41394882087305573,0.06906077348066297
228,0.25232876712328767,0.0,0.5147179487179487,0.29996007984031925,0.2704968944099379,0.6011627906976744,0.7766934269944807,0.0
449,0.7853881278538812,0.06677796327212021,0.40512820512820513,0.32135728542914177,0.3605590062111801,0.4825581395348837,0.29603612644254906,0.1464088397790055
974,0.48356164383561645,0.0,0.5774358974358974,0.38443113772455084,0.31366459627329185,0.3613372093023255,0.4739086803813346,0.06906077348066297
259,0.18123287671232874,0.0,0.8564615384615384,0.3819560878243513,0.23478260869565212,0.7401162790697673,0.4611138986452583,0.03038674033149171
114,0.4949771689497717,0.5912632164718977,0.0,0.27105788423153676,0.4440993788819875,0.14854651162790722,0.7185148018063219,0.06906077348066297
705,0.9086757990867578,0.0,0.0,0.6247504990019959,0.0,0.941860465116279,0.04766683391871562,0.0
570,0.39954337899543374,0.0,0.0,0.5528942115768463,0.0,0.48546511627906996,0.6573005519317612,0.06906077348066297
862,0.07534246575342468,0.0,0.8512820512820513,0.46506986027944097,0.3105590062111801,0.4651162790697674,0.5293527345709987,0.06906077348066297
341,0.2577625570776256,0.1496939343350028,0.6250769230769231,0.27049900199600785,0.29844720496894406,0.6200581395348834,0.46808830908178645,0.1464088397790055
508,0.6643835616438356,0.0,0.0,0.560878243512974,0.0,0.405813953488372,0.4806823883592575,0.011049723756906077
613,0.14794520547945206,0.6961602671118531,0.0,0.652694610778443,0.0,0.507558139534884,0.24736578023080802,0.06906077348066297
317,0.4455707762557078,0.0,0.6027692307692308,0.42355289421157694,0.29565217391304344,0.644767441860465,0.4000250878073257,0.26795580110497236
593,0.4520547945205479,0.0,0.0,0.4970059880239521,0.0,0.7965116279069768,0.5042649272453588,0.011049723756906077
29,0.8515981735159817,0.0,0.0,0.8483033932135728,0.0,0.3808139534883721,0.0,0.011049723756906077
389,0.33789954337899536,0.0,0.4907179487179487,0.5596007984031937,0.16552795031055897,0.4299418604651164,0.6603110888108381,0.0
805,0.3424657534246575,0.26989426822481916,0.38974358974358975,0.5768463073852295,0.24844720496894407,0.09883720930232576,0.5694932262920223,0.06906077348066297
576,0.34703196347031967,0.0,0.0,0.6087824351297404,0.0,0.48546511627906996,0.674862017059709,0.24033149171270715
699,0.8630136986301369,0.0,0.0,0.560878243512974,0.0,0.3924418604651163,0.3186151530356247,0.06906077348066297
641,0.07077625570776253,0.5564830272676684,0.0,0.560878243512974,0.0,0.3674418604651164,0.6151530356246864,0.24033149171270715
199,0.15057077625570775,0.11708402893711743,0.8401538461538463,0.0,0.177639751552795,0.7491279069767445,0.46690918213748134,0.03038674033149171
813,0.5799086757990868,0.0,0.7282051282051282,0.5688622754491017,0.3416149068322981,0.0,0.46161565479177114,0.06906077348066297
976,0.08607305936073056,0.45603784084585425,0.6548717948717949,0.9177644710578841,0.18012422360248445,0.19651162790697674,0.15454089312594088,0.06906077348066297
739,0.4429223744292237,0.0,0.0,0.560878243512974,0.0,0.8255813953488373,0.4290015052684395,0.011049723756906077
609,0.186986301369863,0.34112409571508073,0.0,0.652694610778443,0.0,0.4598837209302329,0.5168088309081786,0.0
396,0.14920091324200913,0.36143572621035064,0.6595897435897436,0.42882235528942125,0.2419254658385093,0.5968023255813955,0.38283993978926256,0.03038674033149171
257,0.3410273972602739,0.0,0.6065128205128205,0.5325349301397204,0.19720496894409933,0.6610465116279074,0.41076266934269956,0.26795580110497236
133,0.6844748858447489,0.263494713411241,0.0,0.20479041916167673,0.3540372670807453,0.4238372093023255,0.6475163070747618,0.1464088397790055
854,0.4155251141552511,0.33388981636060105,0.0,0.36926147704590817,0.21739130434782605,0.49127906976744207,0.5017561465127949,0.06906077348066297
282,0.3996575342465753,0.0,0.49943589743589745,0.31017964071856285,0.367391304347826,0.5026162790697675,0.7064977420973408,0.26795580110497236
231,0.25232876712328767,0.0,0.5147179487179487,0.29996007984031925,0.2704968944099379,0.6011627906976744,0.7766934269944807,0.1464088397790055
236,0.25244292237442917,0.0,0.5148205128205128,0.30019960079840313,0.3220496894409937,0.5895348837209302,0.7771951831409936,0.1464088397790055
457,0.6506849315068493,0.05564830272676684,0.48205128205128206,0.2814371257485029,0.4447204968944099,0.3982558139534884,0.6297039638735573,0.011049723756906077
109,0.6232876712328768,0.2609905397885365,0.0,0.038722554890219474,0.7267080745341613,0.14854651162790722,1.0000000000000002,0.06906077348066297
462,0.6506849315068493,0.05564830272676684,0.48205128205128206,0.2814371257485029,0.3605590062111801,0.3982558139534884,0.6297039638735573,0.1464088397790055
372,0.1324200913242009,0.3561491374513078,0.6256410256410256,0.48103792415169666,0.19875776397515527,0.06686046511627897,0.7150025087807326,0.06906077348066297
603,0.2317351598173516,0.8494713411240958,0.0,0.652694610778443,0.0,0.4720930232558138,0.09031610637230303,0.011049723756906077
843,0.1050228310502283,0.0,0.7025641025641025,0.2894211576846306,0.49689440993788814,0.5843023255813953,0.5920722528850979,0.06906077348066297
720,0.5662100456621004,0.0,0.0,0.6487025948103793,0.0,0.5029069767441863,0.45408931259407925,0.4889502762430939
642,0.2054794520547945,0.8013355592654425,0.0,0.560878243512974,0.0,0.37441860465116283,0.30632212744606124,0.24033149171270715
407,0.14383561643835613,0.35754034501947696,0.6774358974358974,0.42562874251497007,0.2509316770186335,0.5953488372093023,0.38283993978926256,0.06906077348066297
911,0.11118721461187209,0.0,0.9502564102564103,0.35888223552894205,0.4844720496894409,0.7950581395348837,0.2107375815353738,0.06906077348066297
501,0.3493150684931507,0.0,0.0,0.560878243512974,0.0,0.25813953488372077,0.8805820371299549,0.011049723756906077
238,0.2511415525114155,0.0,0.6398974358974359,0.29740518962075835,0.24347826086956517,0.8267441860465121,0.5156547917711991,0.0
831,0.48173515981735154,0.0,0.5794871794871795,0.4491017964071855,0.24844720496894407,0.5843023255813953,0.23833416959357745,0.06906077348066297
296,0.33584474885844745,0.0,0.5064102564102564,0.2902994011976048,0.39751552795031053,0.5429069767441859,0.7401154039136981,0.1464088397790055
872,0.12100456621004568,0.511964385086255,0.7333333333333333,0.5768463073852295,0.2795031055900621,0.22965116279069786,0.2634219769192172,0.06906077348066297
877,0.0776255707762557,0.4507512520868114,0.6461538461538462,0.4011976047904191,0.3105590062111801,0.35465116279069786,0.4264927245358756,0.06906077348066297
539,0.1824200913242009,0.7590428491930997,0.0,0.5105788423153692,0.0,0.6145348837209301,0.30180632212744607,0.011049723756906077
719,0.5662100456621004,0.0,0.0,0.6487025948103793,0.0,0.5029069767441863,0.45408931259407925,0.24033149171270715
531,0.48881278538812784,0.5862548692264886,0.0,0.5105788423153692,0.0,0.5116279069767442,0.23908680381334668,0.06906077348066297
466,0.8881278538812785,0.07234279354479689,0.6307692307692307,0.6327345309381236,0.12204968944099377,0.06104651162790686,0.2634219769192172,0.06906077348066297
620,0.12557077625570773,0.6566499721758488,0.0,0.560878243512974,0.0,0.3906976744186048,0.46964375313597606,0.06906077348066297
596,0.6232876712328768,0.0,0.0,0.5129740518962076,0.0,0.6889534883720931,0.41144004014049185,0.06906077348066297
966,0.447716894977169,0.0,0.5487179487179488,0.5161676646706588,0.18944099378881984,0.2267441860465116,0.5549422980431513,0.06906077348066297
977,0.42557077625570766,0.33667223149693937,0.0,0.44431137724550895,0.21739130434782605,0.3107558139534885,0.5908178625188161,0.06906077348066297
659,0.4246575342465753,0.5342237061769617,0.0,0.560878243512974,0.0,0.3808139534883721,0.3105870546914198,0.24033149171270715
815,0.5022831050228309,0.41457985531441294,0.0,0.5129740518962076,0.24844720496894407,0.43604651162790686,0.28850978424485696,0.06906077348066297
489,0.7625570776255708,0.0,0.0,0.7684630738522953,0.0,0.10872093023255802,0.3153537380832916,0.06906077348066297
229,0.25232876712328767,0.0,0.5147179487179487,0.29996007984031925,0.2704968944099379,0.6011627906976744,0.7766934269944807,0.03038674033149171
107,0.7374429223744292,0.29577072899276574,0.0,0.2534930139720559,0.5124223602484471,0.14854651162790722,0.7353236327145007,0.06906077348066297
253,0.3410273972602739,0.0,0.6065128205128205,0.5325349301397204,0.19720496894409933,0.6610465116279074,0.41076266934269956,0.0
635,0.0,0.4257095158597663,0.0,0.560878243512974,0.0,0.25,0.873055694932263,0.011049723756906077
377,0.5799086757990868,0.3311074012242627,0.0,0.3053892215568863,0.2804347826086956,0.7558139534883721,0.1580531861515304,0.06906077348066297
70,0.6210045662100456,0.5264329437952143,0.0,0.38602794411177643,0.31366459627329185,0.3636627906976746,0.40817862518815873,0.0
876,0.48173515981735154,0.0,0.0,0.4491017964071855,0.24844720496894407,0.5784883720930232,0.5720020070245859,0.06906077348066297
817,0.48401826484018257,0.0,0.5794871794871795,0.38522954091816364,0.3105590062111801,0.36046511627906996,0.474159558454591,0.06906077348066297
564,0.3059360730593607,0.0,0.0,0.5768463073852295,0.0,0.48546511627906996,0.7300551931761163,0.03038674033149171
667,0.16210045662100453,0.3227601558152477,0.0,0.560878243512974,0.0,0.4238372093023255,0.6593075765178125,0.24033149171270715
390,0.2545662100456621,0.0,0.8935384615384616,0.2990818363273453,0.36211180124223596,0.7052325581395347,0.44631209232313096,0.0
424,0.16333333333333333,0.139259877573734,0.8898974358974359,0.3434730538922157,0.20093167701863351,0.5965116279069771,0.5005017561465128,0.1464088397790055
695,0.31050228310502287,0.0,0.0,0.5129740518962076,0.0,0.9244186046511627,0.489212242849975,0.06906077348066297
661,0.2237442922374429,0.3700612131329995,0.0,0.560878243512974,0.0,0.4779069767441859,0.5323632714500752,0.06906077348066297
333,0.26536529680365295,0.15203116304952702,0.6347692307692308,0.15169660678642716,0.3698757763975155,0.7985465116279071,0.4984194681384846,0.0
435,0.14920091324200913,0.36143572621035064,0.6595897435897436,0.42882235528942125,0.2419254658385093,0.5968023255813955,0.38283993978926256,0.26795580110497236
544,0.6378995433789953,0.0,0.0,0.5105788423153692,0.0,0.8825581395348836,0.47742097340692413,0.011049723756906077
786,0.39041095890410954,0.29215358931552593,0.4205128205128205,0.7045908183632734,0.2795031055900621,0.29941860465116266,0.2157551430005018,0.06906077348066297
520,0.6404109589041096,0.0,0.0,0.5105788423153692,0.0,0.717441860465116,0.36452584044154523,0.011049723756906077
918,0.5353881278538812,0.0,0.0,0.48023952095808387,0.10559006211180123,0.5372093023255813,0.5589563472152534,0.06906077348066297
118,0.6335616438356164,0.4207011686143573,0.0,0.2566866267465071,0.49378881987577633,0.9688953488372092,0.027596588058203864,0.06906077348066297
336,0.26536529680365295,0.15203116304952702,0.6347692307692308,0.15169660678642716,0.3698757763975155,0.7985465116279071,0.4984194681384846,0.1464088397790055
154,0.4207762557077626,0.5589872008903729,0.0,0.1832335329341317,0.3478260869565217,0.5918604651162793,0.5260913196186656,0.24309392265193366
694,0.31050228310502287,0.0,0.0,0.5129740518962076,0.0,0.9244186046511627,0.489212242849975,0.011049723756906077
965,0.13287671232876708,0.5230940456316083,0.7507692307692307,0.6502994011976047,0.35093167701863354,0.08052325581395348,0.29026593075765184,0.06906077348066297
836,0.48173515981735154,0.4034501947690596,0.0,0.4491017964071855,0.24844720496894407,0.19186046511627897,0.5770195684897141,0.06906077348066297
731,0.639269406392694,0.0,0.0,0.5129740518962076,0.0,0.7151162790697674,0.3637732062217762,0.06906077348066297
136,0.6335616438356164,0.4207011686143573,0.0,0.2566866267465071,0.49378881987577633,0.9688953488372092,0.027596588058203864,0.1464088397790055
618,0.0319634703196347,0.48135781858653315,0.0,0.560878243512974,0.0,0.3162790697674418,0.7473657802308076,0.24033149171270715
50,0.5262557077625571,0.3964941569282137,0.0,0.8483033932135728,0.0,0.3808139534883721,0.0,0.4889502762430939
241,0.2511415525114155,0.0,0.6398974358974359,0.29740518962075835,0.24347826086956517,0.8267441860465121,0.5156547917711991,0.1464088397790055
870,0.44748858447488576,0.0,0.5487179487179488,0.33732534930139724,0.4037267080745341,0.44186046511627897,0.4766683391871551,0.06906077348066297
98,0.6844748858447489,0.263494713411241,0.0,0.20479041916167673,0.3540372670807453,0.4238372093023255,0.6475163070747618,0.011049723756906077
579,0.4680365296803653,0.0,0.0,0.5688622754491017,0.0,0.48546511627906996,0.5469141996989462,0.4889502762430939
451,0.6506849315068493,0.05564830272676684,0.48205128205128206,0.2814371257485029,0.4447204968944099,0.3982558139534884,0.6297039638735573,0.06906077348066297
638,0.0,0.4257095158597663,0.0,0.560878243512974,0.0,0.25,0.873055694932263,0.06906077348066297
83,0.6335616438356164,0.4207011686143573,0.0,0.2566866267465071,0.49378881987577633,0.9688953488372092,0.027596588058203864,0.0
592,0.3949771689497717,0.0,0.0,0.4890219560878244,0.0,0.8343023255813953,0.5368790767686906,0.06906077348066297
405,0.3410273972602739,0.0,0.6065128205128205,0.568383233532934,0.17857142857142855,0.7052325581395347,0.40215755143000487,0.03038674033149171
61,0.37442922374429216,0.31719532554257096,0.0,0.8483033932135728,0.0,0.3808139534883721,0.19066733567486205,0.7375690607734806
146,0.8515981735159817,0.330550918196995,0.0,0.4738522954091815,0.2763975155279503,0.14854651162790722,0.47039638735574507,0.24309392265193366
400,0.1639497716894977,0.259794101279911,0.8200000000000001,0.4039121756487025,0.30217391304347824,0.5994186046511629,0.38283993978926256,0.03038674033149171
162,0.27479452054794523,0.0,0.49574358974358973,0.5392415169660678,0.13850931677018632,0.48279069767441873,0.6932262920220775,0.26795580110497236
59,0.5262557077625571,0.3964941569282137,0.0,0.8483033932135728,0.0,0.3808139534883721,0.0,0.06906077348066297
306,0.330662100456621,0.0,0.6414358974358975,0.172055888223553,0.37236024844720494,0.8308139534883718,0.5190416457601608,0.1464088397790055
3,0.5262557077625571,0.3964941569282137,0.0,0.8483033932135728,0.0,0.3808139534883721,0.0,1.0
869,0.39954337899543374,0.325542570951586,0.4666666666666667,0.5528942115768463,0.21739130434782605,0.4215116279069768,0.18063221274460606,0.06906077348066297
773,0.9657534246575341,0.0,0.0,0.5369261477045908,0.0,0.941860465116279,0.04766683391871562,0.011049723756906077
759,0.3424657534246575,0.0,0.0,0.5049900199600799,0.0,0.9011627906976742,0.4766683391871551,0.06906077348066297
119,0.4207762557077626,0.5589872008903729,0.0,0.1832335329341317,0.3478260869565217,0.5918604651162793,0.5260913196186656,0.06906077348066297
210,0.25515981735159815,0.27284362826933783,0.12574358974358973,0.4789620758483035,0.20652173913043476,0.7703488372093026,0.4804816859006522,0.06906077348066297
509,0.3493150684931507,0.0,0.0,0.560878243512974,0.0,0.25813953488372077,0.8805820371299549,0.0
893,0.3079908675799086,0.255147468002226,0.36666666666666664,0.9992015968063872,0.18633540372670804,0.15087209302325588,0.25439036628198686,0.06906077348066297
696,0.4429223744292237,0.0,0.0,0.5129740518962076,0.0,0.8401162790697674,0.4390366281986955,0.011049723756906077
266,0.18273972602739724,0.12579298831385644,0.6254871794871795,0.3869061876247506,0.2543478260869565,0.7511627906976748,0.4682639237330657,0.1464088397790055
788,0.1187214611872146,0.40066777963272127,0.5743589743589743,0.7844311377245508,0.3105590062111801,0.35465116279069786,0.1605619668840943,0.06906077348066297
129,0.8378995433789953,0.3260990539788537,0.0,0.12814371257485035,1.0,0.14854651162790722,0.6184144505770195,0.1464088397790055
279,0.3996575342465753,0.0,0.49943589743589745,0.31017964071856285,0.367391304347826,0.5026162790697675,0.7064977420973408,0.03038674033149171
522,0.12968036529680366,0.662771285475793,0.0,0.5105788423153692,0.0,0.6965116279069767,0.35198193677872536,0.06906077348066297
81,0.5949771689497718,0.5258764607679466,0.0,0.3445109780439122,0.3602484472049689,0.417732558139535,0.4059207225288508,0.0
765,0.639269406392694,0.0,0.0,0.5049900199600799,0.0,0.7151162790697674,0.3637732062217762,0.06906077348066297
568,0.3059360730593607,0.0,0.0,0.5688622754491017,0.0,0.48546511627906996,0.7300551931761163,1.0
469,0.8881278538812785,0.07234279354479689,0.6307692307692307,0.7045908183632734,0.12204968944099377,0.23546511627906996,0.2634219769192172,0.1464088397790055
178,0.25130136986301366,0.0,0.6236923076923078,0.4675449101796407,0.17670807453416149,0.7459302325581394,0.46492724535875585,0.0
904,0.4515981735159817,0.0,0.6143589743589744,0.7165668662674649,0.3074534161490683,0.22441860465116292,0.33517310587054694,0.06906077348066297
878,0.12100456621004568,0.0,0.7333333333333333,0.5688622754491017,0.2795031055900621,0.22093023255813948,0.6874059207225287,0.06906077348066297
565,0.3059360730593607,0.0,0.0,0.5768463073852295,0.0,0.48546511627906996,0.7300551931761163,0.06906077348066297
111,0.8378995433789953,0.3260990539788537,0.0,0.12814371257485035,1.0,0.14854651162790722,0.6184144505770195,0.06906077348066297
917,0.4155251141552511,0.33305509181969956,0.0,0.37165668662674656,0.22360248447204967,0.4924418604651164,0.5022579026593077,0.06906077348066297
963,0.14292237442922373,0.0,0.7712820512820513,0.4778443113772455,0.36335403726708065,0.6462209302325581,0.33843452082288006,0.06906077348066297
14,0.4611872146118721,0.211463550361714,0.0,0.8483033932135728,0.0,0.3808139534883721,0.19066733567486205,0.06906077348066297
214,0.2915068493150685,0.0,0.605948717948718,0.5866666666666664,0.19037267080745338,0.660174418604651,0.41051179126944315,0.03038674033149171
594,0.4520547945205479,0.0,0.0,0.4970059880239521,0.0,0.7965116279069768,0.5042649272453588,0.06906077348066297
327,0.2545662100456621,0.0,0.8935384615384616,0.2623552894211578,0.36211180124223596,0.7305232558139534,0.45529352734571016,0.26795580110497236
160,0.27479452054794523,0.0,0.49574358974358973,0.5392415169660678,0.13850931677018632,0.48279069767441873,0.6932262920220775,0.06906077348066297
476,0.7351598173515981,0.061213132999443524,0.676923076923077,0.4491017964071855,0.26335403726708073,0.06104651162790686,0.39136979427997987,0.011049723756906077
983,0.5027397260273971,0.0,0.5928205128205128,0.5928143712574849,0.3229813664596273,0.049127906976744296,0.5504264927245359,0.06906077348066297
458,0.6506849315068493,0.05564830272676684,0.48205128205128206,0.2814371257485029,0.43260869565217386,0.3982558139534884,0.6297039638735573,0.011049723756906077
26,0.634703196347032,0.2643294379521425,0.0,0.8483033932135728,0.0,0.3808139534883721,0.0,0.7375690607734806
866,0.1004566210045662,0.48135781858653315,0.0,0.48103792415169666,0.09316770186335402,0.5377906976744184,0.5594581033617663,0.06906077348066297
686,0.5228310502283104,0.0,0.0,0.560878243512974,0.0,0.6511627906976742,0.5694932262920223,0.06906077348066297
889,0.1187214611872146,0.4841402337228715,0.9487179487179487,0.8483033932135728,0.21739130434782605,0.12790697674418627,0.045158053186151514,0.06906077348066297
905,0.11666666666666664,0.4034501947690596,0.5794871794871795,0.4530938123752495,0.24844720496894407,0.19244186046511658,0.5770195684897141,0.06906077348066297
826,0.5022831050228309,0.0,0.5948717948717949,0.5928143712574849,0.3105590062111801,0.049418604651162656,0.5494229804315103,0.06906077348066297
25,0.634703196347032,0.0,0.0,0.8483033932135728,0.0,0.3808139534883721,0.19066733567486205,0.7375690607734806
651,0.11643835616438353,0.2838063439065109,0.0,0.560878243512974,0.0,0.2529069767441863,0.8758153537380833,0.06906077348066297
750,0.5639269406392693,0.0,0.0,0.560878243512974,0.0,0.7151162790697674,0.5318615153035624,0.9861878453038673
654,0.186986301369863,0.34112409571508073,0.0,0.652694610778443,0.0,0.4598837209302329,0.5168088309081786,0.011049723756906077
49,0.634703196347032,0.2643294379521425,0.0,0.8483033932135728,0.0,0.3808139534883721,0.0,0.011049723756906077
439,0.1639497716894977,0.259794101279911,0.8200000000000001,0.4039121756487025,0.30217391304347824,0.5994186046511629,0.38283993978926256,0.26795580110497236
38,0.8515981735159817,0.0,0.0,0.8483033932135728,0.0,0.3808139534883721,0.0,0.24033149171270715
930,0.09543378995433793,0.37924318308291605,0.5446153846153846,0.4499001996007983,0.23291925465838506,0.4084302325581395,0.4523331660812844,0.06906077348066297
586,0.2237442922374429,0.0,0.0,0.46506986027944097,0.0,0.941860465116279,0.6297039638735573,0.06906077348066297
738,0.31050228310502287,0.0,0.0,0.5049900199600799,0.0,0.9215116279069768,0.489212242849975,0.06906077348066297
955,0.463013698630137,0.0,0.5107692307692308,0.5928143712574849,0.3043478260869565,0.4604651162790696,0.278976417461114,0.06906077348066297
795,0.13013698630136988,0.41457985531441294,0.5948717948717949,0.4251497005988023,0.4658385093167701,0.44186046511627897,0.3161063723030608,0.06906077348066297
343,0.26678082191780816,0.0,0.6365641025641026,0.29333333333333345,0.35186335403726704,0.8072674418604655,0.5040391369794279,0.0
718,0.5662100456621004,0.0,0.0,0.6487025948103793,0.0,0.5029069767441863,0.45408931259407925,0.1464088397790055
312,0.3951369863013698,0.0,0.6223076923076922,0.3012375249500996,0.3074534161490683,0.7343023255813952,0.4603612644254893,0.26795580110497236
549,0.3436073059360731,0.0,0.0,0.5105788423153692,0.0,0.9029069767441857,0.47742097340692413,0.06906077348066297
66,0.08584474885844745,0.5826377295492489,0.0,0.560878243512974,0.0,0.7151162790697674,0.5341194179628699,0.9861878453038673
205,0.2550684931506849,0.2728158041179744,0.1256923076923077,0.47872255489021964,0.21304347826086956,0.769767441860465,0.4801304565980933,0.06906077348066297
494,0.6643835616438356,0.0,0.0,0.560878243512974,0.0,0.405813953488372,0.4806823883592575,0.06906077348066297
867,0.0958904109589041,0.3784084585420145,0.5435897435897435,0.4491017964071855,0.21739130434782605,0.40697674418604635,0.45158053186151537,0.06906077348066297
226,0.33789954337899536,0.0,0.4907179487179487,0.5243113772455088,0.1717391304347826,0.4530813953488373,0.6702709483191167,0.1464088397790055
481,0.228310502283105,0.030606566499721762,0.7230769230769231,0.6726546906187625,0.053416149068322975,0.4098837209302326,0.5193176116407427,0.06906077348066297
289,0.34203196347031967,0.0,0.5125128205128205,0.19473053892215564,0.3835403726708074,0.5959302325581395,0.7670847967887606,0.03038674033149171
433,0.14383561643835613,0.35754034501947696,0.6774358974358974,0.42562874251497007,0.2509316770186335,0.5953488372093023,0.38283993978926256,0.26795580110497236
148,0.6543378995433791,0.27017250973845297,0.0,0.28862275449101804,0.3757763975155279,0.14854651162790722,0.8321625689914705,0.24309392265193366
478,0.7351598173515981,0.061213132999443524,0.676923076923077,0.36926147704590817,0.27701863354037265,0.06104651162790686,0.39136979427997987,0.0
301,0.3431735159817351,0.0,0.5064102564102564,0.1956087824351298,0.44006211180124216,0.5429069767441859,0.7401154039136981,0.1464088397790055
227,0.33789954337899536,0.0,0.4907179487179487,0.5243113772455088,0.1717391304347826,0.4530813953488373,0.6702709483191167,0.26795580110497236
149,0.9801369863013696,0.0,0.0,0.1600798403193613,0.8757763975155278,0.14854651162790722,0.751881585549423,0.24309392265193366
212,0.25515981735159815,0.27284362826933783,0.12574358974358973,0.4789620758483035,0.20652173913043476,0.7703488372093026,0.4804816859006522,0.26795580110497236
101,0.4207762557077626,0.5589872008903729,0.0,0.1832335329341317,0.3478260869565217,0.5918604651162793,0.5260913196186656,0.011049723756906077
989,0.58675799086758,0.0528658875904285,0.7230769230769231,0.2574850299401197,0.3388198757763975,0.4098837209302326,0.5193176116407427,0.06906077348066297
847,0.1278538812785388,0.0,1.0,0.7844311377245508,0.3416149068322981,0.28197674418604635,0.29854490717511295,0.06906077348066297
605,0.12557077625570773,0.6566499721758488,0.0,0.560878243512974,0.0,0.3906976744186048,0.46964375313597606,0.24033149171270715
587,0.28082191780821913,0.0,0.0,0.4730538922155687,0.0,0.9069767441860463,0.5995985950827898,0.011049723756906077
332,0.3999771689497717,0.2721758486366166,0.12543589743589745,0.31097804391217543,0.3475155279503105,0.7578488372093024,0.47280481685900666,0.26795580110497236
488,0.4155251141552511,0.04173622704507513,0.7230769230769231,0.45708582834331324,0.1695652173913043,0.1191860465116279,0.5193176116407427,0.1464088397790055
631,0.2511415525114155,0.3931552587646078,0.0,0.652694610778443,0.0,0.5011627906976743,0.39136979427997987,0.011049723756906077
956,0.11164383561643837,0.0,0.9430769230769231,0.35808383233532926,0.3602484472049689,0.5529069767441861,0.4470647265429002,0.06906077348066297
23,0.08584474885844745,0.5826377295492489,0.0,0.560878243512974,0.0,0.7151162790697674,0.5341194179628699,0.4889502762430939
712,1.0,0.0,0.0,0.40918163672654684,0.0,0.941860465116279,0.04766683391871562,0.24033149171270715
113,0.9801369863013696,0.0,0.0,0.1600798403193613,0.8757763975155278,0.14854651162790722,0.751881585549423,0.06906077348066297
806,0.14383561643835613,0.0,0.7692307692307693,0.48103792415169666,0.3726708074534161,0.6453488372093026,0.33868539889613647,0.06906077348066297
308,0.3951369863013698,0.0,0.6223076923076922,0.3012375249500996,0.3074534161490683,0.7343023255813952,0.4603612644254893,0.0
943,0.3899543378995434,0.29243183082915974,0.41948717948717945,0.702195608782435,0.2795031055900621,0.29941860465116266,0.2150025087807328,0.06906077348066297
995,0.7853881278538812,0.06677796327212021,0.40512820512820513,0.32135728542914177,0.36149068322981365,0.4825581395348837,0.29603612644254906,0.1464088397790055
803,0.6027397260273972,0.52031163049527,0.0,0.5528942115768463,0.21739130434782605,0.06686046511627897,0.40893125940792774,0.06906077348066297
992,0.7853881278538812,0.06677796327212021,0.40512820512820513,0.32135728542914177,0.36149068322981365,0.4825581395348837,0.29603612644254906,0.0
365,0.6735159817351597,0.04785754034501948,0.8102564102564103,0.36127744510978044,0.6459627329192545,0.4825581395348837,0.09784244856999513,0.06906077348066297
560,0.5410958904109588,0.0,0.0,0.6007984031936127,0.0,0.48546511627906996,0.46914199698946324,0.24033149171270715
550,0.6404109589041096,0.0,0.0,0.5105788423153692,0.0,0.717441860465116,0.36452584044154523,0.06906077348066297
921,0.09520547945205476,0.4735670562047858,0.6799999999999999,0.5576846307385228,0.26397515527950305,0.038081395348837255,0.5301053687907678,0.06906077348066297
886,0.07534246575342468,0.29215358931552593,0.9897435897435898,0.5928143712574849,0.18633540372670804,0.4767441860465116,0.12293025589563467,0.06906077348066297
837,0.1141552511415525,0.0,0.5743589743589743,0.4970059880239521,0.24844720496894407,0.5552325581395348,0.5569493226292022,0.06906077348066297
63,0.2009132420091324,0.528658875904285,0.0,0.8483033932135728,0.0,0.3808139534883721,0.19066733567486205,0.7375690607734806
517,0.31415525114155246,1.0,0.0,0.5105788423153692,0.0,0.4087209302325583,0.1763672854992473,0.06906077348066297
844,0.5114155251141552,0.0,0.7076923076923077,0.6167664670658681,0.3416149068322981,0.0,0.4967385850476669,0.06906077348066297
219,0.3106164383561644,0.0,0.4826153846153846,0.5182435129740519,0.21739130434782605,0.43287790697674433,0.6347466131460109,0.03038674033149171
863,0.37442922374429216,0.3116304952698943,0.4461538461538462,0.4491017964071855,0.3105590062111801,0.31686046511627897,0.37882589061716,0.06906077348066297
460,0.6506849315068493,0.05564830272676684,0.48205128205128206,0.2814371257485029,0.4447204968944099,0.3982558139534884,0.6297039638735573,0.1464088397790055
58,0.4611872146118721,0.211463550361714,0.0,0.8483033932135728,0.0,0.3808139534883721,0.19066733567486205,0.4889502762430939
2,0.5262557077625571,0.3964941569282137,0.0,0.8483033932135728,0.0,0.3808139534883721,0.0,0.7375690607734806
208,0.25515981735159815,0.27284362826933783,0.12574358974358973,0.4789620758483035,0.20652173913043476,0.7703488372093026,0.4804816859006522,0.0
599,0.33789954337899536,0.0,0.0,0.48103792415169666,0.0,0.8691860465116279,0.5669844455594582,0.011049723756906077
477,0.7351598173515981,0.061213132999443524,0.676923076923077,0.4491017964071855,0.26335403726708073,0.06104651162790686,0.39136979427997987,0.1464088397790055
679,0.4748858447488585,0.0,0.0,0.560878243512974,0.0,0.6133720930232558,0.5920722528850979,0.0
391,0.21159817351598176,0.0,0.5154871794871795,0.38658682634730535,0.23229813664596272,0.5726744186046511,0.7722027094831911,0.0
873,0.42694063926940634,0.3728436282693378,0.0,0.5848303393213572,0.18633540372670804,0.3575581395348837,0.4164576016056196,0.06906077348066297
505,0.5273972602739725,0.0,0.0,0.560878243512974,0.0,0.37848837209302344,0.6236828901154039,0.011049723756906077
275,0.43002283105022837,0.0,0.49323076923076925,0.36990019960079845,0.29223602484472044,0.4656395348837208,0.6798795785248368,0.06906077348066297
348,0.6255707762557077,0.0,0.0,0.7413173652694609,0.0,0.5886627906976742,0.42237832413447074,0.0
106,0.4824200913242009,0.7295492487479133,0.0,0.4291417165668663,0.26708074534161486,0.714825581395349,0.04465629703963869,0.06906077348066297
541,0.2481735159817351,0.8795214245965499,0.0,0.5105788423153692,0.0,0.5116279069767442,0.23908680381334668,0.06906077348066297
839,0.0867579908675799,0.3700612131329995,0.5282051282051282,0.6247504990019959,0.21739130434782605,0.3343023255813953,0.39889613647767197,0.06906077348066297
198,0.15057077625570775,0.11708402893711743,0.8401538461538463,0.0,0.177639751552795,0.7491279069767445,0.46690918213748134,0.0
17,0.547945205479452,0.105731775180857,0.0,0.8483033932135728,0.0,0.3808139534883721,0.19066733567486205,1.0
799,0.11187214611872148,0.0,0.9435897435897436,0.36127744510978044,0.3726708074534161,0.5523255813953489,0.44656297039638737,0.06906077348066297
891,0.1872146118721461,0.23928770172509742,0.9743589743589743,0.7285429141716566,0.18633540372670804,0.35465116279069786,0.07275464124435538,0.06906077348066297
575,0.34703196347031967,0.0,0.0,0.6087824351297404,0.0,0.48546511627906996,0.674862017059709,0.0
281,0.3996575342465753,0.0,0.49943589743589745,0.31017964071856285,0.367391304347826,0.5026162790697675,0.7064977420973408,0.1464088397790055
352,0.6255707762557077,0.0,0.0,0.7413173652694609,0.0,0.5886627906976742,0.42237832413447074,0.26795580110497236
981,0.1461187214611872,0.7225932109070674,0.0,0.49061876247504976,0.39440993788819867,0.1680232558139534,0.5840441545408932,0.06906077348066297
636,0.4246575342465753,0.5342237061769617,0.0,0.560878243512974,0.0,0.3808139534883721,0.3105870546914198,0.06906077348066297
949,0.09497716894977165,0.0,0.8969230769230769,0.2926147704590818,0.5559006211180123,0.4119186046511629,0.6284495735072755,0.06906077348066297
532,0.07694063926940636,0.5662214802448526,0.0,0.5105788423153692,0.0,0.8000000000000003,0.41470145509282474,0.011049723756906077
359,0.9543378995433789,0.0,0.0,0.38522954091816364,0.16149068322981364,0.15697674418604635,0.6547917711991971,0.06906077348066297
187,0.29216894977168945,0.0,0.6067179487179487,0.5885828343313373,0.14378881987577638,0.6639534883720932,0.4129202207727045,0.26795580110497236
207,0.2550684931506849,0.2728158041179744,0.1256923076923077,0.47872255489021964,0.21304347826086956,0.769767441860465,0.4801304565980933,0.26795580110497236
165,0.3009360730593607,0.0,0.485025641025641,0.6079041916167662,0.14183229813664594,0.4245348837209302,0.6476668339187153,0.06906077348066297
676,0.04703196347031963,0.5116861435726211,0.0,0.652694610778443,0.0,0.4569767441860466,0.5170597089814353,0.011049723756906077
897,0.4429223744292237,0.0,0.5471794871794872,0.7956087824351297,0.3260869565217391,0.052906976744186096,0.4626191670847968,0.06906077348066297
269,0.15269406392694063,0.11747356705620479,0.6371794871794871,0.2920558882235529,0.33633540372670806,0.8133720930232555,0.5071500250878074,0.03038674033149171
616,0.4641552511415525,0.5662214802448526,0.0,0.652694610778443,0.0,0.4779069767441859,0.09282488710486714,0.011049723756906077
768,0.4748858447488585,0.0,0.0,0.560878243512974,0.0,0.49127906976744207,0.6422478675363774,0.06906077348066297
288,0.34203196347031967,0.0,0.5125128205128205,0.19473053892215564,0.3835403726708074,0.5959302325581395,0.7670847967887606,0.0
692,0.5639269406392693,0.0,0.0,0.560878243512974,0.0,0.7412790697674421,0.5393878575012543,0.24033149171270715
776,0.9657534246575341,0.0,0.0,0.5369261477045908,0.0,0.941860465116279,0.04766683391871562,0.24033149171270715
251,0.3410273972602739,0.0,0.6065128205128205,0.5325349301397204,0.17857142857142855,0.6610465116279074,0.41076266934269956,0.1464088397790055
512,0.310958904109589,0.44184752365052876,0.0,0.5105788423153692,0.0,0.6965116279069767,0.35198193677872536,0.011049723756906077
36,0.3093607305936073,0.6608235948803562,0.0,0.8483033932135728,0.0,0.3808139534883721,0.0,0.06906077348066297
394,0.14383561643835613,0.35754034501947696,0.6774358974358974,0.42562874251497007,0.2509316770186335,0.5953488372093023,0.38283993978926256,0.03038674033149171
297,0.33584474885844745,0.0,0.5064102564102564,0.2902994011976048,0.39751552795031053,0.5429069767441859,0.7401154039136981,0.26795580110497236
19,0.8515981735159817,0.0,0.0,0.8483033932135728,0.0,0.3808139534883721,0.0,0.4889502762430939
310,0.3951369863013698,0.0,0.6223076923076922,0.3012375249500996,0.3074534161490683,0.7343023255813952,0.4603612644254893,0.06906077348066297
553,0.19223744292237438,0.34529771841958823,0.0,0.5105788423153692,0.0,0.82093023255814,0.4272453587556446,0.06906077348066297
267,0.18273972602739724,0.12579298831385644,0.6254871794871795,0.3869061876247506,0.2543478260869565,0.7511627906976748,0.4682639237330657,0.26795580110497236
112,0.6543378995433791,0.27017250973845297,0.0,0.28862275449101804,0.3757763975155279,0.14854651162790722,0.8321625689914705,0.06906077348066297
962,0.34269406392694063,0.27017250973845297,0.38769230769230767,0.5752495009980041,0.2577639751552795,0.10029069767441845,0.5704967385850475,0.06906077348066297
632,0.3059360730593607,0.4368391764051197,0.0,0.560878243512974,0.0,0.49883720930232567,0.3891118916206724,0.0
291,0.34203196347031967,0.0,0.5125128205128205,0.19473053892215564,0.3835403726708074,0.5959302325581395,0.7670847967887606,0.1464088397790055
896,0.10022831050228309,0.6413466889259878,0.0,0.6447105788423153,0.10559006211180123,0.07558139534883734,0.6969392875062719,0.06906077348066297
644,0.4641552511415525,0.5662214802448526,0.0,0.652694610778443,0.0,0.4779069767441859,0.09282488710486714,0.0
883,0.136986301369863,0.5954368391764052,0.841025641025641,0.6407185628742513,0.3105590062111801,0.05523255813953476,0.2157551430005018,0.06906077348066297
189,0.20168949771689498,0.0,0.641948717948718,0.3201596806387226,0.306832298136646,0.8345930232558136,0.5233065730055195,0.03038674033149171
247,0.29623287671232873,0.0,0.6236923076923078,0.41684630738522954,0.208695652173913,0.7424418604651164,0.4627446061214251,0.26795580110497236
5,0.37442922374429216,0.31719532554257096,0.0,0.8483033932135728,0.0,0.3808139534883721,0.19066733567486205,0.24033149171270715
660,0.2237442922374429,0.3700612131329995,0.0,0.560878243512974,0.0,0.4779069767441859,0.5323632714500752,0.011049723756906077
563,0.3059360730593607,0.0,0.0,0.5768463073852295,0.0,0.48546511627906996,0.7300551931761163,0.0
953,0.11552511415525113,0.6641624930439622,0.0,0.6247504990019959,0.19565217391304346,0.5837209302325581,0.22553938785750116,0.06906077348066297
710,1.0,0.0,0.0,0.40918163672654684,0.0,0.941860465116279,0.04766683391871562,0.03038674033149171
145,0.6232876712328768,0.2609905397885365,0.0,0.038722554890219474,0.7267080745341613,0.14854651162790722,1.0000000000000002,0.24309392265193366
471,0.8881278538812785,0.07234279354479689,0.6307692307692307,0.6327345309381236,0.12204968944099377,0.06104651162790686,0.2634219769192172,0.011049723756906077
204,0.2550684931506849,0.2728158041179744,0.1256923076923077,0.47872255489021964,0.21304347826086956,0.769767441860465,0.4801304565980933,0.03038674033149171
871,0.48173515981735154,0.4034501947690596,0.0,0.4491017964071855,0.24844720496894407,0.5843023255813953,0.23833416959357745,0.06906077348066297
903,0.1084474885844749,0.6566499721758488,0.0,0.43153692614770467,0.3913043478260869,0.13313953488372077,0.7493728048168593,0.06906077348066297
397,0.16068493150684932,0.03786867000556483,0.883948717948718,0.27952095808383226,0.12857142857142856,0.5968023255813955,0.6583040642247868,0.03038674033149171
316,0.4455707762557078,0.0,0.6027692307692308,0.42355289421157694,0.29565217391304344,0.644767441860465,0.4000250878073257,0.1464088397790055
432,0.14383561643835613,5.564830272676684e-05,0.7362564102564102,0.335808383233533,0.0,0.5947674418604652,0.7699448068238837,0.26795580110497236
754,0.9086757990867578,0.0,0.0,0.6247504990019959,0.0,0.941860465116279,0.04766683391871562,0.24033149171270715
533,0.31073059360730587,0.0,0.0,0.5105788423153692,0.0,0.9238372093023255,0.489964877069744,0.06906077348066297
362,0.6461187214611872,0.0,0.6974358974358974,0.2894211576846306,0.6211180124223602,0.2965116279069768,0.4365278474661316,0.06906077348066297
938,0.09908675799086758,0.0,0.9174358974358975,0.6383233532934129,0.24223602484472045,0.06686046511627897,0.6891620672353238,0.06906077348066297
924,0.12054794520547946,0.510294936004452,0.0,0.5712574850299401,0.2826086956521739,0.2215116279069771,0.6866532865027597,0.06906077348066297
127,0.6232876712328768,0.2609905397885365,0.0,0.038722554890219474,0.7267080745341613,0.14854651162790722,1.0000000000000002,0.1464088397790055
561,0.5410958904109588,0.0,0.0,0.6007984031936127,0.0,0.48546511627906996,0.46914199698946324,0.4889502762430939
787,0.136986301369863,0.528658875904285,0.7589743589743589,0.45708582834331324,0.5900621118012421,0.10755813953488369,0.3687907676869042,0.06906077348066297
846,0.36529680365296807,0.30884808013355597,0.441025641025641,0.5848303393213572,0.15527950310559005,0.2732558139534884,0.34872052182639246,0.06906077348066297
314,0.4455707762557078,0.0,0.6027692307692308,0.42355289421157694,0.29565217391304344,0.644767441860465,0.4000250878073257,0.03038674033149171
423,0.16068493150684932,0.03786867000556483,0.883948717948718,0.27952095808383226,0.12857142857142856,0.5968023255813955,0.6583040642247868,0.1464088397790055
331,0.3999771689497717,0.2721758486366166,0.12543589743589745,0.31097804391217543,0.3475155279503105,0.7578488372093024,0.47280481685900666,0.1464088397790055
656,0.2317351598173516,0.8494713411240958,0.0,0.652694610778443,0.0,0.4720930232558138,0.09031610637230303,0.06906077348066297
552,0.48881278538812784,0.5862548692264886,0.0,0.5105788423153692,0.0,0.5116279069767442,0.23908680381334668,0.011049723756906077
404,0.21159817351598176,0.0,0.5154871794871795,0.38658682634730535,0.23229813664596272,0.5726744186046511,0.7722027094831911,0.03038674033149171
474,0.7351598173515981,0.061213132999443524,0.676923076923077,0.4491017964071855,0.26335403726708073,0.23546511627906996,0.39136979427997987,0.0
368,0.6917808219178081,0.0,0.0,0.4251497005988023,0.0,0.9273255813953489,0.25338685398896144,0.06906077348066297
735,0.5410958904109588,0.0,0.0,0.5049900199600799,0.0,0.7790697674418605,0.40140491721023586,0.06906077348066297
840,0.10730593607305933,0.6566499721758488,0.0,0.43313373253493004,0.4037267080745341,0.13372093023255838,0.7501254390366283,0.06906077348066297
42,0.3093607305936073,0.6608235948803562,0.0,0.8483033932135728,0.0,0.3808139534883721,0.0,1.0
388,0.20168949771689498,0.0,0.641948717948718,0.3581636726546906,0.306832298136646,0.808139534883721,0.5140491721023583,0.0
117,0.5061643835616438,0.7868670005564832,0.0,0.49540918163672654,0.3198757763975155,0.4119186046511629,0.16532865027596588,0.06906077348066297
493,0.6643835616438356,0.0,0.0,0.560878243512974,0.0,0.405813953488372,0.4806823883592575,0.24033149171270715
270,0.15269406392694063,0.11747356705620479,0.6371794871794871,0.2920558882235529,0.33633540372670806,0.8133720930232555,0.5071500250878074,0.06906077348066297
324,0.2545662100456621,0.0,0.8935384615384616,0.2623552894211578,0.36211180124223596,0.7305232558139534,0.45529352734571016,0.03038674033149171
821,0.44748858447488576,0.0,0.5487179487179488,0.7045908183632734,0.3416149068322981,0.22965116279069786,0.3763171098845961,0.06906077348066297
0,1.0,0.0,0.0,0.32135728542914177,0.07763975155279502,0.6947674418604652,0.2057200200702458,0.06906077348066297
9,0.8515981735159817,0.0,0.0,0.8483033932135728,0.0,0.3808139534883721,0.0,0.06906077348066297
55,0.22054794520547943,0.3683917640511965,0.0,0.560878243512974,0.0,0.5156976744186048,0.5807827395885601,0.011049723756906077
899,0.4824200913242009,0.4034501947690596,0.0,0.4530938123752495,0.24844720496894407,0.19244186046511658,0.5770195684897141,0.06906077348066297
900,0.11324200913242005,0.0,0.5738461538461539,0.5001996007984031,0.2453416149068323,0.5552325581395348,0.556698444555946,0.06906077348066297
914,0.09360730593607308,0.47134112409571516,0.7317948717948717,0.5504990019960079,0.2608695652173913,0.483720930232558,0.12418464626191672,0.06906077348066297
455,0.6506849315068493,0.05564830272676684,0.48205128205128206,0.2814371257485029,0.43260869565217386,0.3982558139534884,0.6297039638735573,0.0
874,0.1050228310502283,0.48692264885920983,0.0,0.39321357285429137,0.06211180124223602,0.5784883720930232,0.5870546914199701,0.06906077348066297
595,0.6232876712328768,0.0,0.0,0.5129740518962076,0.0,0.6889534883720931,0.41144004014049185,0.011049723756906077
929,0.09977168949771686,0.48024485253199783,0.0,0.48023952095808387,0.10559006211180123,0.5372093023255813,0.5589563472152534,0.06906077348066297
717,0.5662100456621004,0.0,0.0,0.6487025948103793,0.0,0.5029069767441863,0.45408931259407925,0.06906077348066297
319,0.25511415525114156,0.0,0.8961025641025642,0.2637924151696607,0.31552795031055897,0.7340116279069768,0.4574761665830407,0.03038674033149171
385,0.16333333333333333,0.139259877573734,0.8898974358974359,0.3434730538922157,0.20093167701863351,0.5965116279069771,0.5005017561465128,0.0
556,0.5410958904109588,0.0,0.0,0.6007984031936127,0.0,0.48546511627906996,0.46914199698946324,0.0
986,0.3627853881278538,0.2796327212020034,0.4015384615384615,0.6295409181636726,0.26708074534161486,0.18459302325581417,0.42022077270446556,0.06906077348066297
434,0.17358447488584472,0.3611574846967168,0.6082051282051282,0.46459081836327343,0.11086956521739129,0.5997093023255813,0.38334169593577516,0.26795580110497236
18,0.634703196347032,0.2643294379521425,0.0,0.8483033932135728,0.0,0.3808139534883721,0.0,0.24033149171270715
774,0.9657534246575341,0.0,0.0,0.5369261477045908,0.0,0.941860465116279,0.04766683391871562,0.03038674033149171
959,0.5006849315068493,0.45687256538675575,0.0,0.5489021956087823,0.14285714285714282,0.20058139534883734,0.45158053186151537,0.06906077348066297
186,0.29216894977168945,0.0,0.6067179487179487,0.5885828343313373,0.14378881987577638,0.6639534883720932,0.4129202207727045,0.1464088397790055
86,0.6573059360730593,0.5258764607679466,0.0,0.19281437125748502,0.6832298136645962,0.417732558139535,0.4059207225288508,0.0
789,0.10273972602739728,0.31997774067890933,0.4564102564102564,0.6407185628742513,0.2795031055900621,0.17151162790697683,0.5895634721525338,0.06906077348066297
503,0.3493150684931507,0.0,0.0,0.560878243512974,0.0,0.25813953488372077,0.8805820371299549,0.06906077348066297
46,0.5639269406392693,0.0,0.0,0.560878243512974,0.0,0.7151162790697674,0.5341194179628699,0.0
168,0.21159817351598176,0.0,0.5154871794871795,0.35025948103792426,0.23229813664596272,0.5970930232558138,0.7824887104867033,0.0
674,0.0319634703196347,0.48135781858653315,0.0,0.560878243512974,0.0,0.3162790697674418,0.7473657802308076,0.011049723756906077
964,0.12237442922374425,0.6775180856983862,0.0,0.4674650698602796,0.3322981366459627,0.6424418604651163,0.2601605619668843,0.06906077348066297
221,0.3106164383561644,0.0,0.4826153846153846,0.5182435129740519,0.21739130434782605,0.43287790697674433,0.6347466131460109,0.1464088397790055
912,0.3894977168949772,0.0,0.45948717948717943,0.6143712574850297,0.3291925465838509,0.3787790697674418,0.42197691921726066,0.06906077348066297
436,0.16068493150684932,0.03786867000556483,0.883948717948718,0.27952095808383226,0.12857142857142856,0.5968023255813955,0.6583040642247868,0.26795580110497236
820,0.4246575342465753,0.33667223149693937,0.0,0.44111776447105777,0.21739130434782605,0.31104651162790686,0.5895634721525338,0.06906077348066297
954,0.4748858447488585,0.39732888146911527,0.0,0.3684630738522954,0.3105590062111801,0.32936046511627914,0.5268439538384346,0.06906077348066297
980,0.13196347031963473,0.6956037840845855,0.0,0.37245508982035935,0.3788819875776397,0.7218023255813955,0.23632714500752638,0.06906077348066297
819,0.0867579908675799,0.45631608235948806,0.6564102564102564,0.9201596806387224,0.18633540372670804,0.19767441860465107,0.15554440541896652,0.06906077348066297
945,0.11780821917808215,0.4012242626599889,0.5758974358974359,0.7852295409181635,0.31366459627329185,0.355232558139535,0.1603110888108379,0.06906077348066297
258,0.18123287671232874,0.0,0.8564615384615384,0.3819560878243513,0.23478260869565212,0.7401162790697673,0.4611138986452583,0.0
137,0.4207762557077626,0.5589872008903729,0.0,0.1832335329341317,0.3478260869565217,0.5918604651162793,0.5260913196186656,0.1464088397790055
330,0.3999771689497717,0.2721758486366166,0.12543589743589745,0.31097804391217543,0.3475155279503105,0.7578488372093024,0.47280481685900666,0.06906077348066297
376,0.41780821917808214,0.528658875904285,0.0,0.3293413173652695,0.23602484472049687,0.6686046511627906,0.22829904666332168,0.06906077348066297
454,0.6506849315068493,0.05564830272676684,0.48205128205128206,0.2814371257485029,0.4447204968944099,0.3982558139534884,0.6297039638735573,0.0
158,0.27479452054794523,0.0,0.49574358974358973,0.5392415169660678,0.13850931677018632,0.48279069767441873,0.6932262920220775,0.0
708,0.9086757990867578,0.0,0.0,0.6247504990019959,0.0,0.941860465116279,0.04766683391871562,0.06906077348066297
180,0.25130136986301366,0.0,0.6236923076923078,0.4675449101796407,0.17670807453416149,0.7459302325581394,0.46492724535875585,0.06906077348066297
521,0.2481735159817351,0.8795214245965499,0.0,0.5105788423153692,0.0,0.5116279069767442,0.23908680381334668,0.011049723756906077
771,0.4748858447488585,0.0,0.0,0.560878243512974,0.0,0.49127906976744207,0.6422478675363774,0.9861878453038673
32,0.22054794520547943,0.3683917640511965,0.0,0.560878243512974,0.0,0.5156976744186048,0.5807827395885601,0.4889502762430939
150,0.4949771689497717,0.5912632164718977,0.0,0.27105788423153676,0.4440993788819875,0.14854651162790722,0.7185148018063219,0.24309392265193366
263,0.18273972602739724,0.12579298831385644,0.6254871794871795,0.3869061876247506,0.2543478260869565,0.7511627906976748,0.4682639237330657,0.0
777,0.9657534246575341,0.0,0.0,0.5369261477045908,0.0,0.941860465116279,0.04766683391871562,0.7375690607734806
103,0.6573059360730593,0.5258764607679466,0.0,0.19281437125748502,0.6832298136645962,0.417732558139535,0.4059207225288508,0.011049723756906077
347,0.26678082191780816,0.0,0.6365641025641026,0.29333333333333345,0.35186335403726704,0.8072674418604655,0.5040391369794279,0.26795580110497236
551,0.3436073059360731,0.0,0.0,0.5105788423153692,0.0,0.9029069767441857,0.47742097340692413,0.011049723756906077
540,0.15593607305936075,0.43266555370061216,0.0,0.5105788423153692,0.0,0.655813953488372,0.3268941294530858,0.06906077348066297
350,0.6255707762557077,0.0,0.0,0.7413173652694609,0.0,0.5886627906976742,0.42237832413447074,0.06906077348066297
727,0.5228310502283104,0.0,0.0,0.560878243512974,0.0,0.5145348837209305,0.5795283492222778,0.9861878453038673
516,0.3899543378995434,0.5061213132999445,0.0,0.5105788423153692,0.0,0.6145348837209301,0.30180632212744607,0.011049723756906077
681,0.4748858447488585,0.0,0.0,0.560878243512974,0.0,0.6133720930232558,0.5920722528850979,0.06906077348066297
958,0.44703196347031965,0.3817473567056205,0.5482051282051282,0.6351297405189622,0.18633540372670804,0.2250000000000001,0.15378825890617143,0.06906077348066297
213,0.2915068493150685,0.0,0.605948717948718,0.5866666666666664,0.19037267080745338,0.660174418604651,0.41051179126944315,0.0
465,0.8881278538812785,0.07234279354479689,0.6307692307692307,0.7045908183632734,0.12204968944099377,0.23546511627906996,0.2634219769192172,0.06906077348066297
206,0.2550684931506849,0.2728158041179744,0.1256923076923077,0.47872255489021964,0.21304347826086956,0.769767441860465,0.4801304565980933,0.1464088397790055
665,0.2237442922374429,0.3700612131329995,0.0,0.560878243512974,0.0,0.4779069767441859,0.5323632714500752,0.24033149171270715
990,0.58675799086758,0.0528658875904285,0.7230769230769231,0.2574850299401197,0.3388198757763975,0.4098837209302326,0.5193176116407427,0.1464088397790055
542,0.2876712328767123,0.9518642181413468,0.0,0.5105788423153692,0.0,0.44999999999999973,0.20145509282488705,0.011049723756906077
255,0.3410273972602739,0.0,0.6065128205128205,0.5325349301397204,0.19720496894409933,0.6610465116279074,0.41076266934269956,0.06906077348066297
412,0.14840182648401828,0.209794101279911,0.8564102564102564,0.3375648702594809,0.24565217391304345,0.5997093023255813,0.4417962870045158,0.06906077348066297
328,0.3999771689497717,0.2721758486366166,0.12543589743589745,0.31097804391217543,0.3475155279503105,0.7578488372093024,0.47280481685900666,0.0
725,0.6461187214611872,0.0,0.0,0.5129740518962076,0.0,0.47965116279069786,0.4239839438033117,0.06906077348066297
648,0.4246575342465753,0.5342237061769617,0.0,0.560878243512974,0.0,0.3808139534883721,0.3105870546914198,0.011049723756906077
583,0.4680365296803653,0.0,0.0,0.5688622754491017,0.0,0.48546511627906996,0.5469141996989462,0.24033149171270715
346,0.26678082191780816,0.0,0.6365641025641026,0.29333333333333345,0.35186335403726704,0.8072674418604655,0.5040391369794279,0.1464088397790055
879,0.3493150684931507,0.27545909849749584,0.39487179487179486,0.5369261477045908,0.18633540372670804,0.34302325581395365,0.388861013547416,0.06906077348066297
427,0.20168949771689498,0.0,0.641948717948718,0.3581636726546906,0.306832298136646,0.808139534883721,0.5140491721023583,0.1464088397790055
841,0.4520547945205479,0.0,0.6153846153846154,0.7205588822355289,0.3105590062111801,0.22383720930232576,0.3361766181635726,0.06906077348066297
680,0.4748858447488585,0.0,0.0,0.560878243512974,0.0,0.6133720930232558,0.5920722528850979,0.011049723756906077
982,0.39817351598173506,0.3227601558152477,0.46307692307692305,0.46187624750499,0.2763975155279503,0.20087209302325615,0.4372804816859006,0.06906077348066297
741,0.4429223744292237,0.0,0.0,0.560878243512974,0.0,0.8255813953488373,0.4290015052684395,0.24033149171270715
736,0.4406392694063927,0.0,0.0,0.5049900199600799,0.0,0.7790697674418605,0.4390366281986955,0.011049723756906077
683,0.4748858447488585,0.0,0.0,0.560878243512974,0.0,0.6133720930232558,0.5920722528850979,0.32320441988950277
607,0.14794520547945206,0.6961602671118531,0.0,0.652694610778443,0.0,0.507558139534884,0.24736578023080802,0.0
779,0.5022831050228309,0.0,0.0,0.6487025948103793,0.0,0.5029069767441863,0.5168088309081786,0.06906077348066297
421,0.17358447488584472,0.3611574846967168,0.6082051282051282,0.46459081836327343,0.11086956521739129,0.5997093023255813,0.38334169593577516,0.1464088397790055
470,0.8881278538812785,0.07234279354479689,0.6307692307692307,0.6327345309381236,0.12204968944099377,0.06104651162790686,0.2634219769192172,0.0
627,0.4246575342465753,0.5342237061769617,0.0,0.560878243512974,0.0,0.3808139534883721,0.3105870546914198,0.0
459,0.6506849315068493,0.05564830272676684,0.48205128205128206,0.2814371257485029,0.3605590062111801,0.3982558139534884,0.6297039638735573,0.011049723756906077
984,0.10616438356164382,0.3878686700055649,0.5569230769230769,0.5664670658682633,0.18944099378881984,0.2656976744186048,0.46663321625689913,0.06906077348066297
373,0.30136986301369856,0.43405676126878134,0.0,0.5369261477045908,0.18167701863354033,0.5232558139534884,0.4164576016056196,0.06906077348066297
48,0.3093607305936073,0.6608235948803562,0.0,0.8483033932135728,0.0,0.3808139534883721,0.0,0.011049723756906077
969,0.5105022831050228,0.4629938786867001,0.0,0.41716566866267457,0.2763975155279503,0.23430232558139563,0.4917210235825389,0.06906077348066297
506,0.42694063926940634,0.0,0.0,0.560878243512974,0.0,0.3261627906976745,0.7558956347215251,0.06906077348066297
589,0.5091324200913241,0.0,0.0,0.4970059880239521,0.0,0.7616279069767442,0.474159558454591,0.011049723756906077
758,0.3424657534246575,0.0,0.0,0.5049900199600799,0.0,0.9011627906976742,0.4766683391871551,0.011049723756906077
888,0.0958904109589041,0.04173622704507513,1.0,0.43313373253493004,0.18633540372670804,0.6395348837209305,0.28850978424485696,0.06906077348066297
82,0.5061643835616438,0.7868670005564832,0.0,0.49540918163672654,0.3198757763975155,0.4119186046511629,0.16532865027596588,0.0
355,0.4863013698630137,0.38119087367835286,0.0,0.18562874251497008,0.18322981366459626,0.9563953488372094,0.37882589061716,0.06906077348066297
95,0.6543378995433791,0.27017250973845297,0.0,0.28862275449101804,0.3757763975155279,0.14854651162790722,0.8321625689914705,0.011049723756906077
446,0.7853881278538812,0.06677796327212021,0.40512820512820513,0.32135728542914177,0.3198757763975155,0.4825581395348837,0.29603612644254906,0.06906077348066297
67,0.5262557077625571,0.3964941569282137,0.0,0.8483033932135728,0.0,0.3808139534883721,0.0,0.011049723756906077
608,0.04703196347031963,0.5116861435726211,0.0,0.652694610778443,0.0,0.4569767441860466,0.5170597089814353,0.24033149171270715
534,0.5415525114155251,0.0,0.0,0.5105788423153692,0.0,0.7796511627906977,0.40215755143000487,0.011049723756906077
766,0.3424657534246575,0.0,0.0,0.5129740518962076,0.0,0.9011627906976742,0.4766683391871551,0.011049723756906077
422,0.14920091324200913,0.36143572621035064,0.6595897435897436,0.42882235528942125,0.2419254658385093,0.5968023255813955,0.38283993978926256,0.1464088397790055
380,0.14383561643835613,5.564830272676684e-05,0.7362564102564102,0.335808383233533,0.0,0.5947674418604652,0.7699448068238837,0.0
756,0.9086757990867578,0.0,0.0,0.6247504990019959,0.0,0.941860465116279,0.04766683391871562,0.7375690607734806
201,0.15057077625570775,0.11708402893711743,0.8401538461538463,0.0,0.177639751552795,0.7491279069767445,0.46690918213748134,0.1464088397790055
357,0.7968036529680365,0.0,0.0,0.34530938123752497,0.3493788819875776,0.6656976744186047,0.37882589061716,0.06906077348066297
671,0.12557077625570773,0.6566499721758488,0.0,0.560878243512974,0.0,0.3906976744186048,0.46964375313597606,0.0
128,0.8515981735159817,0.330550918196995,0.0,0.4738522954091815,0.2763975155279503,0.14854651162790722,0.47039638735574507,0.1464088397790055
144,0.7374429223744292,0.29577072899276574,0.0,0.23672654690618766,0.577639751552795,0.3924418604651163,0.5260913196186656,0.24309392265193366
401,0.20168949771689498,0.0,0.641948717948718,0.3581636726546906,0.306832298136646,0.808139534883721,0.5140491721023583,0.03038674033149171
209,0.25515981735159815,0.27284362826933783,0.12574358974358973,0.4789620758483035,0.20652173913043476,0.7703488372093026,0.4804816859006522,0.03038674033149171
286,0.44226027397260265,0.0,0.49046153846153845,0.3975249500998004,0.2754658385093167,0.4480813953488374,0.6653286502759659,0.1464088397790055
498,0.8630136986301369,0.0,0.0,0.560878243512974,0.0,0.3930232558139535,0.2965378825890619,0.0
268,0.15269406392694063,0.11747356705620479,0.6371794871794871,0.2920558882235529,0.33633540372670806,0.8133720930232555,0.5071500250878074,0.0
90,0.7374429223744292,0.29577072899276574,0.0,0.2534930139720559,0.5124223602484471,0.14854651162790722,0.7353236327145007,0.011049723756906077
41,0.7431506849315068,0.13216471897607124,0.0,0.8483033932135728,0.0,0.3808139534883721,0.0,1.0
928,0.4810502283105022,0.4026154702281581,0.0,0.04431137724550904,0.24844720496894407,0.5776162790697676,0.5725037631710992,0.06906077348066297
745,0.5228310502283104,0.0,0.0,0.560878243512974,0.0,0.5145348837209305,0.5795283492222778,0.24033149171270715
337,0.26536529680365295,0.15203116304952702,0.6347692307692308,0.15169660678642716,0.3698757763975155,0.7985465116279071,0.4984194681384846,0.26795580110497236
416,0.2545662100456621,0.0,0.8935384615384616,0.2990818363273453,0.36211180124223596,0.7052325581395347,0.44631209232313096,0.06906077348066297
861,0.12100456621004568,0.5091819699499166,0.0,0.5688622754491017,0.2795031055900621,0.22093023255813948,0.6874059207225287,0.06906077348066297
234,0.25244292237442917,0.0,0.5148205128205128,0.30019960079840313,0.3220496894409937,0.5895348837209302,0.7771951831409936,0.03038674033149171
366,0.5273972602739725,0.04869226488592098,0.8358974358974359,0.36127744510978044,0.5559006211180123,0.566860465116279,0.14550928248871053,0.06906077348066297
53,0.4611872146118721,0.211463550361714,0.0,0.8483033932135728,0.0,0.3808139534883721,0.19066733567486205,0.24033149171270715
690,0.5639269406392693,0.0,0.0,0.560878243512974,0.0,0.7412790697674421,0.5393878575012543,0.011049723756906077
785,0.9589041095890409,0.0,0.0,0.1936127744510978,0.0,0.2761627906976747,0.7576517812343202,0.06906077348066297
243,0.29623287671232873,0.0,0.6236923076923078,0.41684630738522954,0.208695652173913,0.7424418604651164,0.4627446061214251,0.0
79,0.4949771689497717,0.5912632164718977,0.0,0.27105788423153676,0.4440993788819875,0.14854651162790722,0.7185148018063219,0.0
51,0.2009132420091324,0.528658875904285,0.0,0.8483033932135728,0.0,0.3808139534883721,0.19066733567486205,0.4889502762430939
526,0.6735159817351597,0.0,0.0,0.5105788423153692,0.0,0.6965116279069767,0.35198193677872536,0.011049723756906077
892,0.1232876712328767,0.4952698942682249,0.958974358974359,0.7924151696606785,0.21739130434782605,0.15406976744186052,0.05017561465127951,0.06906077348066297
338,0.2577625570776256,0.1496939343350028,0.6250769230769231,0.27049900199600785,0.29844720496894406,0.6200581395348834,0.46808830908178645,0.0
340,0.2577625570776256,0.1496939343350028,0.6250769230769231,0.27049900199600785,0.29844720496894406,0.6200581395348834,0.46808830908178645,0.06906077348066297
784,0.9589041095890409,0.0,0.0,0.1936127744510978,0.0,0.2761627906976747,0.7576517812343202,0.011049723756906077
797,0.4748858447488585,0.3978853644963829,0.0,0.36926147704590817,0.3105590062111801,0.3284883720930232,0.5268439538384346,0.06906077348066297
515,0.35045662100456615,0.47384529771841966,0.0,0.5105788423153692,0.0,0.655813953488372,0.3268941294530858,0.011049723756906077
535,0.07694063926940636,0.5662214802448526,0.0,0.5105788423153692,0.0,0.8000000000000003,0.41470145509282474,0.06906077348066297
640,0.186986301369863,0.34112409571508073,0.0,0.652694610778443,0.0,0.4598837209302329,0.5168088309081786,0.06906077348066297
677,0.14794520547945206,0.6961602671118531,0.0,0.652694610778443,0.0,0.507558139534884,0.24736578023080802,0.24033149171270715
713,1.0,0.0,0.0,0.40918163672654684,0.0,0.941860465116279,0.04766683391871562,0.4889502762430939
557,0.5410958904109588,0.0,0.0,0.6007984031936127,0.0,0.48546511627906996,0.46914199698946324,0.011049723756906077
907,0.5125570776255708,0.0,0.7071794871794872,0.6167664670658681,0.3354037267080745,0.000290697674418805,0.49799297541394894,0.06906077348066297
865,0.48173515981735154,0.4034501947690596,0.0,0.041916167664670656,0.24844720496894407,0.5784883720930232,0.5720020070245859,0.06906077348066297
747,0.5639269406392693,0.0,0.0,0.560878243512974,0.0,0.7151162790697674,0.5318615153035624,0.06906077348066297
313,0.4455707762557078,0.0,0.6027692307692308,0.42355289421157694,0.29565217391304344,0.644767441860465,0.4000250878073257,0.0
749,0.5639269406392693,0.0,0.0,0.560878243512974,0.0,0.7151162790697674,0.5318615153035624,0.4889502762430939
554,0.15593607305936075,0.43266555370061216,0.0,0.5105788423153692,0.0,0.655813953488372,0.3268941294530858,0.011049723756906077
232,0.25232876712328767,0.0,0.5147179487179487,0.29996007984031925,0.2704968944099379,0.6011627906976744,0.7766934269944807,0.26795580110497236
906,0.10525114155251142,0.0,0.7005128205128205,0.2902195608782434,0.5,0.5837209302325581,0.5923231309583545,0.06906077348066297
591,0.3949771689497717,0.0,0.0,0.4890219560878244,0.0,0.8343023255813953,0.5368790767686906,0.011049723756906077
185,0.29216894977168945,0.0,0.6067179487179487,0.5885828343313373,0.14378881987577638,0.6639534883720932,0.4129202207727045,0.06906077348066297
978,0.447945205479452,0.0,0.5487179487179488,0.702195608782435,0.34472049689440987,0.22848837209302353,0.3768188660311089,0.06906077348066297
62,0.4748858447488585,0.0,0.0,0.560878243512974,0.0,0.4941860465116279,0.6437531359759159,0.0
480,0.7351598173515981,0.061213132999443524,0.676923076923077,0.36926147704590817,0.27701863354037265,0.06104651162790686,0.39136979427997987,0.1464088397790055
732,0.639269406392694,0.0,0.0,0.5129740518962076,0.0,0.9011627906976742,0.4766683391871551,0.011049723756906077
780,0.5022831050228309,0.0,0.0,0.6487025948103793,0.0,0.5029069767441863,0.5168088309081786,0.4889502762430939
624,0.2054794520547945,0.8013355592654425,0.0,0.560878243512974,0.0,0.37441860465116283,0.30632212744606124,0.0
523,0.4424657534246575,0.0,0.0,0.5105788423153692,0.0,0.8441860465116284,0.4397892624184645,0.011049723756906077
662,0.3383561643835616,0.4641068447412355,0.0,0.652694610778443,0.0,0.5133720930232557,0.25112895132965396,0.0
746,0.5639269406392693,0.0,0.0,0.560878243512974,0.0,0.7151162790697674,0.5318615153035624,0.011049723756906077
597,0.6803652968036529,0.0,0.0,0.5209580838323353,0.0,0.6511627906976742,0.37882589061716,0.06906077348066297
246,0.29623287671232873,0.0,0.6236923076923078,0.41684630738522954,0.208695652173913,0.7424418604651164,0.4627446061214251,0.1464088397790055
134,0.5949771689497718,0.5258764607679466,0.0,0.3445109780439122,0.3602484472049689,0.417732558139535,0.4059207225288508,0.1464088397790055
655,0.014383561643835613,0.45186421814134675,0.0,0.652694610778443,0.0,0.3988372093023256,0.6397390868038133,0.011049723756906077
908,0.11575342465753419,0.4026154702281581,0.0,0.4499001996007983,0.24844720496894407,0.5776162790697676,0.5725037631710992,0.06906077348066297
461,0.6506849315068493,0.05564830272676684,0.48205128205128206,0.2814371257485029,0.43260869565217386,0.3982558139534884,0.6297039638735573,0.1464088397790055
783,0.8630136986301369,0.0,0.0,0.560878243512974,0.0,0.3924418604651163,0.3186151530356247,0.0
360,0.9726027397260273,0.0,0.0,0.5049900199600799,0.21304347826086956,0.3459302325581395,0.3161063723030608,0.06906077348066297
290,0.34203196347031967,0.0,0.5125128205128205,0.19473053892215564,0.3835403726708074,0.5959302325581395,0.7670847967887606,0.06906077348066297
182,0.25130136986301366,0.0,0.6236923076923078,0.4675449101796407,0.17670807453416149,0.7459302325581394,0.46492724535875585,0.26795580110497236
364,0.7947488584474884,0.1391207568169171,0.0,0.6247504990019959,0.09316770186335402,0.9401162790697679,0.048168590065228445,0.06906077348066297
818,0.49999999999999994,0.0,0.6564102564102564,0.48103792415169666,0.3416149068322981,0.20058139534883734,0.46663321625689913,0.06906077348066297
856,0.09817351598173513,0.0,0.6871794871794872,0.4730538922155687,0.3416149068322981,0.5174418604651163,0.5469141996989462,0.06906077348066297
988,0.58675799086758,0.0528658875904285,0.7230769230769231,0.2574850299401197,0.3388198757763975,0.4098837209302326,0.5193176116407427,0.011049723756906077
926,0.3748858447488584,0.3124652198107958,0.44871794871794873,0.44830339321357293,0.3229813664596273,0.31598837209302344,0.37757150025087816,0.06906077348066297
4,0.22054794520547943,0.3683917640511965,0.0,0.560878243512974,0.0,0.5156976744186048,0.5807827395885601,0.9861878453038673
645,0.3059360730593607,0.4368391764051197,0.0,0.560878243512974,0.0,0.49883720930232567,0.3891118916206724,0.24033149171270715
44,0.7431506849315068,0.13216471897607124,0.0,0.8483033932135728,0.0,0.3808139534883721,0.0,0.24033149171270715
472,0.8881278538812785,0.07234279354479689,0.6307692307692307,0.6327345309381236,0.12204968944099377,0.06104651162790686,0.2634219769192172,0.1464088397790055
864,0.48401826484018257,0.4034501947690596,0.5794871794871795,0.45708582834331324,0.24844720496894407,0.19767441860465107,0.24084295032614156,0.06906077348066297
762,0.6643835616438356,0.0,0.0,0.560878243512974,0.0,0.4040697674418605,0.41144004014049185,0.06906077348066297
468,0.8881278538812785,0.07234279354479689,0.6307692307692307,0.7045908183632734,0.12204968944099377,0.23546511627906996,0.2634219769192172,0.011049723756906077
801,0.44748858447488576,0.38119087367835286,0.5487179487179488,0.6327345309381236,0.18633540372670804,0.22383720930232576,0.15303562468640242,0.06906077348066297
796,0.11643835616438353,0.6649972175848637,0.0,0.6247504990019959,0.18633540372670804,0.5843023255813953,0.2257902659307578,0.06906077348066297
715,0.5662100456621004,0.0,0.0,0.6487025948103793,0.0,0.5029069767441863,0.45408931259407925,0.011049723756906077
135,0.5061643835616438,0.7868670005564832,0.0,0.49540918163672654,0.3198757763975155,0.4119186046511629,0.16532865027596588,0.1464088397790055
430,0.21159817351598176,0.0,0.5154871794871795,0.38658682634730535,0.23229813664596272,0.5726744186046511,0.7722027094831911,0.1464088397790055
657,0.2317351598173516,0.8494713411240958,0.0,0.652694610778443,0.0,0.4720930232558138,0.09031610637230303,0.0
935,0.12146118721461185,0.5116861435726211,0.7343589743589743,0.5752495009980041,0.28571428571428564,0.22848837209302353,0.26216758655293537,0.06906077348066297
970,0.5796803652968037,0.0,0.7261538461538461,0.5712574850299401,0.3416149068322981,0.0011627906976743319,0.4626191670847968,0.06906077348066297
71,0.4824200913242009,0.7295492487479133,0.0,0.4291417165668663,0.26708074534161486,0.714825581395349,0.04465629703963869,0.0
630,0.16210045662100453,0.3227601558152477,0.0,0.560878243512974,0.0,0.4238372093023255,0.6593075765178125,0.0
464,0.5776255707762556,0.0528658875904285,0.49743589743589745,0.18562874251497008,0.3804347826086956,0.4825581395348837,0.6949322629202206,0.06906077348066297
942,0.35000000000000003,0.2749026154702282,0.39487179487179486,0.5337325349301396,0.20186335403726705,0.34302325581395365,0.389613647767185,0.06906077348066297
15,0.634703196347032,0.0,0.0,0.8483033932135728,0.0,0.3808139534883721,0.19066733567486205,0.24033149171270715
393,0.14383561643835613,5.564830272676684e-05,0.7362564102564102,0.335808383233533,0.0,0.5947674418604652,0.7699448068238837,0.03038674033149171
216,0.2915068493150685,0.0,0.605948717948718,0.5866666666666664,0.19037267080745338,0.660174418604651,0.41051179126944315,0.1464088397790055
74,0.6232876712328768,0.2609905397885365,0.0,0.038722554890219474,0.7267080745341613,0.14854651162790722,1.0000000000000002,0.0
668,0.3383561643835616,0.4641068447412355,0.0,0.652694610778443,0.0,0.5133720930232557,0.25112895132965396,0.06906077348066297
972,0.5034246575342465,0.4134668892598776,0.0,0.511377245508982,0.26397515527950305,0.43604651162790686,0.289764174611139,0.06906077348066297
760,0.5410958904109588,0.0,0.0,0.5049900199600799,0.0,0.7529069767441863,0.40140491721023586,0.06906077348066297
606,0.08972602739726032,0.5898720089037285,0.0,0.652694610778443,0.0,0.49651162790697656,0.3876066231811339,0.06906077348066297
919,0.09771689497716896,0.0,0.685128205128205,0.47145708582834334,0.34472049689440987,0.5188953488372094,0.5456598093326643,0.06906077348066297
406,0.14383561643835613,5.564830272676684e-05,0.7362564102564102,0.335808383233533,0.0,0.5947674418604652,0.7699448068238837,0.06906077348066297
960,0.6027397260273972,0.52031163049527,0.0,0.5552894211576846,0.20496894409937885,0.06773255813953494,0.4086803813346713,0.06906077348066297
93,0.8515981735159817,0.330550918196995,0.0,0.4738522954091815,0.2763975155279503,0.14854651162790722,0.47039638735574507,0.011049723756906077
530,0.2712328767123288,0.4095715080690039,0.0,0.5105788423153692,0.0,0.7383720930232558,0.3770697441043651,0.011049723756906077
283,0.44226027397260265,0.0,0.49046153846153845,0.3975249500998004,0.2754658385093167,0.4480813953488374,0.6653286502759659,0.0
804,0.4063926940639269,0.35893155258764614,0.5128205128205128,0.4011976047904191,0.2795031055900621,0.06976744186046524,0.5293527345709987,0.06906077348066297
825,0.3972602739726027,0.3227601558152477,0.46153846153846156,0.46506986027944097,0.2795031055900621,0.20058139534883734,0.4365278474661316,0.06906077348066297
543,0.4296803652968036,0.5383973288814692,0.0,0.5105788423153692,0.0,0.5732558139534887,0.2767185148018063,0.06906077348066297
321,0.25511415525114156,0.0,0.8961025641025642,0.2637924151696607,0.31552795031055897,0.7340116279069768,0.4574761665830407,0.1464088397790055
652,0.3059360730593607,0.4368391764051197,0.0,0.560878243512974,0.0,0.49883720930232567,0.3891118916206724,0.06906077348066297
89,0.4824200913242009,0.7295492487479133,0.0,0.4291417165668663,0.26708074534161486,0.714825581395349,0.04465629703963869,0.011049723756906077
670,0.2054794520547945,0.8013355592654425,0.0,0.560878243512974,0.0,0.37441860465116283,0.30632212744606124,0.011049723756906077
798,0.46347031963470314,0.0,0.5128205128205128,0.5928143712574849,0.3105590062111801,0.4593023255813953,0.2784746613146012,0.06906077348066297
342,0.2577625570776256,0.1496939343350028,0.6250769230769231,0.27049900199600785,0.29844720496894406,0.6200581395348834,0.46808830908178645,0.26795580110497236
860,0.12100456621004568,0.0,0.7333333333333333,0.5688622754491017,0.2795031055900621,0.7151162790697674,0.25840441545408943,0.06906077348066297
653,0.0319634703196347,0.48135781858653315,0.0,0.560878243512974,0.0,0.3162790697674418,0.7473657802308076,0.06906077348066297
382,0.17358447488584472,0.3611574846967168,0.6082051282051282,0.46459081836327343,0.11086956521739129,0.5997093023255813,0.38334169593577516,0.0
409,0.14920091324200913,0.36143572621035064,0.6595897435897436,0.42882235528942125,0.2419254658385093,0.5968023255813955,0.38283993978926256,0.06906077348066297
755,0.9086757990867578,0.0,0.0,0.6247504990019959,0.0,0.941860465116279,0.04766683391871562,0.4889502762430939
13,0.2009132420091324,0.528658875904285,0.0,0.8483033932135728,0.0,0.3808139534883721,0.19066733567486205,0.24033149171270715
453,0.6506849315068493,0.05564830272676684,0.48205128205128206,0.2814371257485029,0.3605590062111801,0.3982558139534884,0.6297039638735573,0.06906077348066297
77,0.6543378995433791,0.27017250973845297,0.0,0.28862275449101804,0.3757763975155279,0.14854651162790722,0.8321625689914705,0.0
971,0.0684931506849315,0.5745687256538676,0.8251282051282052,0.45628742514970067,0.17080745341614906,0.1915697674418606,0.3552433517310587,0.06906077348066297
691,0.5639269406392693,0.0,0.0,0.560878243512974,0.0,0.7412790697674421,0.5393878575012543,0.06906077348066297
689,0.5639269406392693,0.0,0.0,0.560878243512974,0.0,0.7412790697674421,0.5393878575012543,0.0
868,0.1050228310502283,0.0,0.9333333333333333,0.4730538922155687,0.4658385093167701,0.11046511627906996,0.7275464124435527,0.06906077348066297
200,0.15057077625570775,0.11708402893711743,0.8401538461538463,0.0,0.177639751552795,0.7491279069767445,0.46690918213748134,0.06906077348066297
545,0.310958904109589,0.44184752365052876,0.0,0.5105788423153692,0.0,0.6965116279069767,0.35198193677872536,0.06906077348066297
574,0.39954337899543374,0.0,0.0,0.5528942115768463,0.0,0.48546511627906996,0.6573005519317612,0.9861878453038673
122,0.5385844748858446,0.5258764607679466,0.0,0.42435129740518973,0.29503105590062106,0.417732558139535,0.4059207225288508,0.06906077348066297
363,0.9089041095890411,0.0,0.0,0.6247504990019959,0.09316770186335402,0.9401162790697679,0.048168590065228445,0.06906077348066297
344,0.26678082191780816,0.0,0.6365641025641026,0.29333333333333345,0.35186335403726704,0.8072674418604655,0.5040391369794279,0.03038674033149171
54,0.08584474885844745,0.5826377295492489,0.0,0.560878243512974,0.0,0.7151162790697674,0.5341194179628699,0.011049723756906077
395,0.17358447488584472,0.3611574846967168,0.6082051282051282,0.46459081836327343,0.11086956521739129,0.5997093023255813,0.38334169593577516,0.03038674033149171
239,0.2511415525114155,0.0,0.6398974358974359,0.29740518962075835,0.24347826086956517,0.8267441860465121,0.5156547917711991,0.03038674033149171
356,0.9200913242009132,0.0,0.3076923076923077,0.5848303393213572,0.0,0.6656976744186047,0.09031610637230303,0.06906077348066297
528,0.4424657534246575,0.0,0.0,0.5105788423153692,0.0,0.8441860465116284,0.4397892624184645,0.06906077348066297
371,0.09817351598173513,0.3227601558152477,0.6102564102564103,0.4970059880239521,0.17701863354037264,0.09302325581395365,0.7175112895132967,0.06906077348066297
420,0.14383561643835613,0.35754034501947696,0.6774358974358974,0.42562874251497007,0.2509316770186335,0.5953488372093023,0.38283993978926256,0.1464088397790055
502,0.42694063926940634,0.0,0.0,0.560878243512974,0.0,0.3261627906976745,0.7558956347215251,0.011049723756906077
40,0.547945205479452,0.105731775180857,0.0,0.8483033932135728,0.0,0.3808139534883721,0.19066733567486205,0.24033149171270715
490,0.42694063926940634,0.0,0.0,0.560878243512974,0.0,0.3261627906976745,0.7558956347215251,0.24033149171270715
256,0.3410273972602739,0.0,0.6065128205128205,0.5325349301397204,0.19720496894409933,0.6610465116279074,0.41076266934269956,0.1464088397790055
73,0.7374429223744292,0.29577072899276574,0.0,0.23672654690618766,0.577639751552795,0.3924418604651163,0.5260913196186656,0.0
8,0.37442922374429216,0.31719532554257096,0.0,0.8483033932135728,0.0,0.3808139534883721,0.19066733567486205,0.06906077348066297
881,0.0776255707762557,0.545353366722315,0.5025641025641026,0.6167664670658681,0.18633540372670804,0.13372093023255838,0.474159558454591,0.06906077348066297
925,0.07465753424657529,0.0,0.8497435897435897,0.46666666666666656,0.3105590062111801,0.4651162790697674,0.5291018564977421,0.06906077348066297
496,0.8630136986301369,0.0,0.0,0.560878243512974,0.0,0.3930232558139535,0.2965378825890619,0.011049723756906077
733,0.40867579908675794,0.0,0.0,0.5129740518962076,0.0,0.8808139534883721,0.45158053186151537,0.06906077348066297
985,0.13036529680365294,0.5194769059543685,0.0,0.42994011976047886,0.35093167701863354,0.5482558139534883,0.4889613647767186,0.06906077348066297
156,0.6573059360730593,0.5258764607679466,0.0,0.19281437125748502,0.6832298136645962,0.417732558139535,0.4059207225288508,0.24309392265193366
123,0.6210045662100456,0.5264329437952143,0.0,0.38602794411177643,0.31366459627329185,0.3636627906976746,0.40817862518815873,0.1464088397790055
369,0.2237442922374429,0.5564830272676684,0.0,0.5449101796407185,0.0,1.0,0.1655795283492223,0.06906077348066297
320,0.25511415525114156,0.0,0.8961025641025642,0.2637924151696607,0.31552795031055897,0.7340116279069768,0.4574761665830407,0.06906077348066297
527,0.6378995433789953,0.0,0.0,0.5105788423153692,0.0,0.8825581395348836,0.47742097340692413,0.06906077348066297
125,0.7374429223744292,0.29577072899276574,0.0,0.2534930139720559,0.5124223602484471,0.14854651162790722,0.7353236327145007,0.1464088397790055
265,0.18273972602739724,0.12579298831385644,0.6254871794871795,0.3869061876247506,0.2543478260869565,0.7511627906976748,0.4682639237330657,0.06906077348066297
